HIERARCHY
ROOT Hips
{
	OFFSET 0.00 0.00 0.00
	CHANNELS 6 Xposition Yposition Zposition Xrotation Yrotation Zrotation
	JOINT LeftUpLeg
	{
		OFFSET 3.64953 0.00000 0.00000
		CHANNELS 3 Xrotation Yrotation Zrotation
		JOINT LeftLeg
		{
			OFFSET 0.00000 -15.70580 0.00000
			CHANNELS 3 Xrotation Yrotation Zrotation
			JOINT LeftFoot
			{
				OFFSET 0.00000 -15.41867 0.00000
				CHANNELS 3 Xrotation Yrotation Zrotation
				JOINT LeftToeBase
				{
					OFFSET 0.00000 -1.53543 5.73033
					CHANNELS 3 Xrotation Yrotation Zrotation
					End Site
					{
						OFFSET 0.00000 0.00000 2.95275
					}
				}
			}
		}
	}
	JOINT RightUpLeg
	{
		OFFSET -3.64953 0.00000 0.00000
		CHANNELS 3 Xrotation Yrotation Zrotation
		JOINT RightLeg
		{
			OFFSET 0.00000 -15.70580 0.00000
			CHANNELS 3 Xrotation Yrotation Zrotation
			JOINT RightFoot
			{
				OFFSET 0.00000 -15.41867 0.00000
				CHANNELS 3 Xrotation Yrotation Zrotation
				JOINT RightToeBase
				{
					OFFSET 0.00000 -1.53543 5.73033
					CHANNELS 3 Xrotation Yrotation Zrotation
					End Site
					{
						OFFSET 0.00000 0.00000 2.95275
					}
				}
			}
		}
	}
	JOINT Spine
	{
		OFFSET 0.00000 0.03937 0.00000
		CHANNELS 3 Xrotation Yrotation Zrotation
		JOINT Spine1
		{
			OFFSET 0.00000 10.24829 0.00000
			CHANNELS 3 Xrotation Yrotation Zrotation
			JOINT Neck
			{
				OFFSET 0.00000 7.82687 0.00000
				CHANNELS 3 Xrotation Yrotation Zrotation
				JOINT Head
				{
					OFFSET 0.00000 6.90715 0.00000
					CHANNELS 3 Xrotation Yrotation Zrotation
					End Site
					{
						OFFSET 0.00000 4.52755 0.00000
					}
				}
			}
			JOINT LeftShoulder
			{
				OFFSET 0.00000 7.82687 0.00000
				CHANNELS 3 Xrotation Yrotation Zrotation
				JOINT LeftArm
				{
					OFFSET 6.71018 -0.00002 0.00000
					CHANNELS 3 Xrotation Yrotation Zrotation
					JOINT LeftForeArm
					{
						OFFSET 10.94419 -0.00004 0.00000
						CHANNELS 3 Xrotation Yrotation Zrotation
						JOINT LeftHand
						{
							OFFSET 8.52010 -0.00003 0.00000
							CHANNELS 3 Xrotation Yrotation Zrotation
							JOINT LeftHandThumb
							{
								OFFSET 0.00000 0.00000 0.00000
								CHANNELS 3 Xrotation Yrotation Zrotation
								End Site
								{
									OFFSET 0.00000 0.00000 3.93700
								}
							}
							JOINT L_Wrist_End
							{
								OFFSET 3.93700 -0.00001 0.00000
								CHANNELS 3 Xrotation Yrotation Zrotation
							}
						}
					}
				}
			}
			JOINT RightShoulder
			{
				OFFSET 0.00000 7.82687 0.00000
				CHANNELS 3 Xrotation Yrotation Zrotation
				JOINT RightArm
				{
					OFFSET -6.71018 -0.00002 0.00000
					CHANNELS 3 Xrotation Yrotation Zrotation
					JOINT RightForeArm
					{
						OFFSET -10.94419 -0.00004 0.00000
						CHANNELS 3 Xrotation Yrotation Zrotation
						JOINT RightHand
						{
							OFFSET -8.52010 -0.00003 0.00000
							CHANNELS 3 Xrotation Yrotation Zrotation
							JOINT RightHandThumb
							{
								OFFSET 0.00000 0.00000 0.00000
								CHANNELS 3 Xrotation Yrotation Zrotation
								End Site
								{
									OFFSET 0.00000 0.00000 3.93700
								}
							}
							JOINT R_Wrist_End
							{
								OFFSET -5.39369 -0.00002 0.00000
								CHANNELS 3 Xrotation Yrotation Zrotation
							}
						}
					}
				}
			}
		}
	}
}
MOTION
Frames: 1189
Frame Time: 0.008333
 -2.7420 32.4471 7.5735 3.1760 6.0359 -3.6053 -15.5664 0.2103 6.2670 37.4341 -0.0000 0.0000 -25.5001 1.6453 2.8131 4.5136 0.0000 0.0000 5.1971 -14.1674 -0.1665 8.4781 0.0000 0.0000 -24.2293 -5.0395 -0.5899 2.6073 -0.0000 -0.0000 -3.6867 2.6606 1.2894 12.7377 0.7511 1.0466 1.9236 6.6188 -6.9303 6.8065 3.6801 1.9180 20.4618 13.2635 -5.7934 -23.0220 -18.0403 -85.0982 -0.0000 -9.6793 -0.0000 -38.6613 3.5964 -22.4650 -0.0000 0.0000 -0.0000 -0.0000 0.0000 -0.0000 14.8592 -18.3609 4.6942 -16.8565 33.0477 81.8302 -0.0001 15.2516 0.0000 -24.6714 -0.4694 9.8856 -0.0000 0.0000 0.0000 -0.0000 0.0000 0.0000
 -2.6454 32.4087 7.7060 3.2010 6.2003 -3.6382 -15.4143 0.6620 6.2523 37.2563 -0.0000 0.0000 -25.0622 1.0709 1.7279 4.4367 0.0000 0.0000 5.1970 -14.0835 -0.3000 8.9684 -0.0000 0.0000 -24.6681 -5.3556 -0.6553 2.7074 -0.0000 0.0000 -3.7183 2.7005 1.2606 12.7004 0.7909 1.0253 1.9951 6.5245 -6.8662 6.7615 3.6597 1.9851 20.5987 13.3568 -5.6054 -22.9766 -16.0336 -85.3978 -0.0000 -8.5785 -0.0000 -43.6918 5.0344 -25.3230 -0.0000 0.0000 -0.0000 -0.0000 0.0000 -0.0000 14.7384 -18.3951 4.6276 -16.9051 34.0159 83.1674 -0.0001 15.1583 0.0000 -24.9972 -0.6309 10.3131 0.0000 -0.0000 -0.0000 0.0000 -0.0000 -0.0000
 -2.5354 32.3700 7.8422 3.2185 6.4116 -3.5987 -15.1848 1.0439 6.1170 36.9650 -0.0000 0.0000 -24.3231 0.4922 0.4995 4.4918 0.0000 0.0000 5.0945 -14.1818 -0.5576 9.6707 -0.0000 0.0000 -25.1538 -5.5378 -0.7499 2.6318 0.0000 0.0000 -3.8046 2.6982 1.2237 12.7597 0.7860 0.9879 2.0670 6.4525 -6.8894 6.6979 3.6335 2.0361 20.4782 13.1035 -5.3321 -22.4621 -14.2276 -85.3080 -0.0000 -8.0226 -0.0000 -44.5421 6.1040 -27.2028 -0.0000 0.0000 -0.0000 -0.0000 0.0000 -0.0000 14.8893 -18.3841 4.5560 -17.3244 34.0985 84.4083 -0.0001 15.3273 0.0000 -26.8288 -0.8045 9.7375 -0.0000 -0.0000 0.0000 -0.0000 -0.0000 0.0000
 -2.4357 32.3339 7.9704 3.2503 6.5602 -3.5768 -15.0002 1.6839 6.0604 36.6451 -0.0000 0.0000 -23.3138 -0.3323 -0.2255 4.4166 -0.0000 0.0000 4.8345 -13.7463 -0.7863 10.6390 -0.0000 0.0000 -25.6876 -6.0693 -1.1761 2.4291 0.0000 0.0000 -3.8143 2.7751 1.1578 12.8181 0.8657 0.9631 1.7876 6.5133 -6.8794 7.0652 3.4804 2.1516 20.3053 13.0180 -5.2606 -21.9053 -13.5204 -84.8387 -0.0000 -8.0566 -0.0000 -42.1310 5.9650 -28.2501 -0.0000 0.0000 -0.0000 -0.0000 0.0000 -0.0000 15.1543 -18.4731 4.8216 -17.6737 32.0718 85.1056 -0.0001 15.7241 0.0000 -30.1348 -0.5124 7.5946 -0.0000 0.0000 0.0000 -0.0000 0.0000 0.0000
 -2.3017 32.2889 8.1029 3.2518 6.6634 -3.4835 -14.7224 2.2549 5.7968 36.3979 -0.0000 0.0000 -23.1991 -0.6214 0.7050 4.0443 -0.0000 0.0000 4.5008 -13.0782 -1.1570 11.7828 -0.0000 0.0000 -26.3859 -6.8404 -1.1437 2.5419 -0.0000 -0.0000 -3.8639 2.8244 1.1532 12.8603 0.9081 0.9121 1.8327 6.4904 -7.0664 7.0524 3.4668 2.3202 20.3840 12.7848 -5.2212 -21.3553 -13.2885 -84.2822 -0.0000 -8.7851 -0.0000 -37.7204 5.3451 -27.9036 0.0000 0.0000 -0.0000 0.0000 0.0000 -0.0000 15.1441 -18.3367 4.7154 -17.5667 29.1887 85.4943 -0.0001 15.9571 0.0000 -30.7976 0.0003 5.8238 0.0000 -0.0000 0.0000 0.0000 -0.0000 0.0000
 -2.1665 32.2362 8.2388 3.2159 6.6845 -3.4130 -14.3435 2.8098 5.6394 36.1946 -0.0000 0.0000 -23.7530 -0.3594 -0.1473 4.4537 0.0000 0.0000 3.9988 -12.5058 -1.5394 13.3298 -0.0000 0.0000 -27.1257 -7.3335 -1.8544 2.3092 0.0000 -0.0000 -3.8941 2.8496 1.1318 12.9574 0.9325 0.8820 1.7906 6.5990 -7.0706 7.0737 3.4605 2.1804 20.2938 12.9202 -5.1503 -20.7238 -14.0779 -83.7356 -0.0000 -9.6593 -0.0000 -31.5628 4.7229 -26.7186 -0.0000 -0.0000 0.0000 -0.0000 -0.0000 0.0000 15.2995 -18.2053 4.6535 -17.4672 27.0883 85.4162 -0.0001 16.2705 0.0000 -31.4082 0.9669 5.3192 0.0000 -0.0000 0.0000 0.0000 -0.0000 0.0000
 -2.0291 32.1771 8.3745 3.1754 6.7931 -3.4437 -14.0151 3.2856 5.5536 36.1407 -0.0000 0.0000 -24.3505 -0.3064 -0.4932 4.7729 0.0000 0.0000 3.4075 -11.8537 -1.8098 15.1630 0.0000 0.0000 -27.8869 -7.9938 -2.3814 2.1937 -0.0000 0.0000 -3.9165 2.8117 1.1666 12.9973 0.9079 0.9296 1.9703 6.5965 -7.0891 6.7583 3.5344 1.9740 20.1604 12.9777 -4.9880 -20.0110 -15.3239 -83.1415 -0.0000 -10.3569 -0.0000 -25.6095 3.8006 -25.8419 0.0000 0.0000 -0.0000 0.0000 0.0000 -0.0000 15.6085 -18.1600 4.6183 -17.5308 26.3806 85.0253 -0.0001 16.2692 0.0000 -31.6889 1.7747 5.6346 0.0000 0.0000 0.0000 0.0000 0.0000 0.0000
 -1.8739 32.1121 8.5018 3.1684 6.6859 -3.3207 -13.6350 3.8627 5.3039 35.9853 -0.0000 0.0000 -24.9100 -0.6076 -0.2517 4.8965 -0.0000 0.0000 2.6263 -10.8211 -2.2652 17.1478 -0.0000 0.0000 -28.7053 -8.8053 -2.8918 1.9067 -0.0000 -0.0000 -3.9398 2.8555 1.1377 13.0441 0.9488 0.8894 1.9713 6.7195 -7.2818 6.6801 3.6090 2.1377 20.4718 13.2459 -5.0543 -19.7045 -18.1566 -82.3952 -0.0000 -11.0385 -0.0000 -20.0830 3.4983 -24.4627 0.0000 0.0000 0.0000 0.0000 0.0000 0.0000 15.2782 -18.0503 4.3548 -16.8605 26.1753 84.3939 -0.0001 16.5258 0.0000 -32.2625 2.3948 5.9483 0.0000 -0.0000 0.0000 0.0000 -0.0000 0.0000
 -1.7210 32.0359 8.6231 3.1681 6.7394 -3.1660 -13.3399 4.3045 4.9950 35.9638 -0.0000 0.0000 -25.5024 -1.0629 0.2553 4.9111 0.0000 0.0000 1.7062 -9.9334 -2.7387 19.4833 0.0000 0.0000 -29.6480 -9.6217 -3.2613 1.8035 0.0000 -0.0000 -3.9229 2.7892 1.0001 13.0301 0.8921 0.8843 2.0735 6.8059 -7.2625 6.4088 3.7109 2.0334 20.6030 13.6226 -4.9636 -19.3458 -21.0619 -81.7615 -0.0000 -11.3009 -0.0000 -15.7370 3.2780 -23.4049 0.0000 0.0000 0.0000 0.0000 0.0000 0.0000 15.1881 -17.9423 4.2048 -16.4605 26.8692 83.5758 -0.0001 16.6228 0.0000 -32.6154 2.6795 6.3373 0.0000 -0.0000 0.0000 0.0000 -0.0000 0.0000
 -1.5679 31.9509 8.7444 3.1462 6.8190 -2.9615 -13.0079 4.5679 4.6220 35.9593 -0.0000 0.0000 -26.1891 -1.3966 0.4715 5.0920 -0.0000 0.0000 0.7308 -8.9366 -3.2270 22.0376 -0.0000 0.0000 -30.5559 -10.5108 -3.5255 1.7512 0.0000 -0.0000 -3.8509 2.7387 0.8122 12.9854 0.8553 0.8832 2.1515 6.8557 -7.2477 6.1262 3.7631 1.9261 20.6563 13.9534 -4.9226 -18.8541 -23.8731 -80.9481 -0.0000 -11.5452 -0.0000 -12.3874 3.3276 -22.7612 0.0000 -0.0000 0.0000 0.0000 -0.0000 0.0000 15.0495 -18.0425 4.1167 -16.0908 27.7580 82.6951 -0.0001 16.6257 0.0000 -32.4345 2.5061 7.0931 0.0000 0.0000 -0.0000 0.0000 0.0000 -0.0000
 -1.4078 31.8554 8.8652 3.0765 6.9260 -2.7104 -12.6017 4.5756 4.1573 35.9864 -0.0000 0.0000 -27.0371 -1.6650 0.3435 5.4190 0.0000 0.0000 -0.2836 -8.2537 -3.8183 24.7391 -0.0000 0.0000 -31.4527 -11.1526 -3.6126 1.3595 0.0000 0.0000 -3.7476 2.7039 0.5948 12.9025 0.8315 0.8670 2.3874 6.7658 -7.2771 5.6892 3.8373 1.9769 20.7831 14.1060 -4.6615 -18.5242 -26.7451 -80.3715 -0.0000 -11.5227 -0.0000 -8.8449 3.4517 -21.5586 0.0000 -0.0000 0.0000 0.0000 -0.0000 0.0000 14.9205 -18.0519 3.9032 -15.5898 28.7866 81.7706 -0.0001 16.6992 0.0000 -31.9872 2.1540 8.0871 -0.0000 0.0000 -0.0000 -0.0000 0.0000 -0.0000
 -1.2416 31.7549 8.9817 2.9747 7.1443 -2.3903 -12.2222 4.2091 3.5179 36.1663 -0.0000 0.0000 -27.7707 -1.7233 0.4892 5.4159 -0.0000 0.0000 -1.3104 -7.6110 -4.4595 27.5645 -0.0000 0.0000 -32.3199 -11.7494 -3.7697 1.4242 0.0000 -0.0000 -3.5793 2.6516 0.3587 12.8501 0.7785 0.8087 2.4349 6.7439 -7.3171 5.4813 3.8159 2.0852 20.8421 14.1722 -4.5061 -17.9597 -29.6647 -79.4589 -0.0000 -11.5795 -0.0000 -7.0991 3.6382 -20.9752 0.0000 0.0000 -0.0000 0.0000 0.0000 -0.0000 14.8138 -18.1564 3.8409 -14.9883 29.4454 80.6845 -0.0001 17.1057 0.0000 -29.7413 0.8857 8.6350 -0.0000 0.0000 0.0000 -0.0000 0.0000 0.0000
 -1.0821 31.6472 9.1001 2.8418 7.3638 -2.0718 -11.9176 3.6834 2.8535 36.5528 -0.0000 0.0000 -28.5081 -1.5866 0.5560 5.3162 0.0000 0.0000 -2.3331 -6.9859 -5.0705 30.4959 -0.0000 0.0000 -33.0676 -12.2700 -3.9616 1.4201 -0.0000 0.0000 -3.4200 2.6191 0.1394 12.8235 0.7290 0.6938 2.6487 6.6161 -7.3109 4.9874 3.8175 2.1210 20.7792 14.1110 -4.1915 -17.3045 -32.2497 -78.6457 -0.0000 -11.5623 -0.0000 -5.6626 3.8901 -19.6461 0.0000 0.0000 -0.0000 0.0000 0.0000 -0.0000 14.7641 -18.1942 3.7714 -14.4648 29.9708 79.6769 -0.0001 17.4081 0.0000 -28.2365 -0.0361 9.8462 -0.0000 -0.0000 0.0000 -0.0000 -0.0000 0.0000
 -0.9182 31.5412 9.2162 2.7088 7.6368 -1.6792 -11.6744 2.9237 2.0258 37.0116 -0.0000 0.0000 -29.1679 -1.1769 0.5670 5.3500 0.0000 0.0000 -3.4012 -6.4767 -5.7566 33.5131 -0.0000 0.0000 -33.6344 -12.7116 -4.1604 1.2979 -0.0000 0.0000 -3.2527 2.5896 -0.0674 12.8391 0.6531 0.4768 2.7221 6.5580 -7.3391 4.7177 3.7650 2.2293 20.8029 13.9157 -4.0308 -16.6451 -34.5945 -77.5604 -0.0000 -11.4385 -0.0000 -4.2698 3.9795 -18.3479 0.0000 -0.0000 -0.0000 0.0000 -0.0000 -0.0000 14.7309 -18.2575 3.7970 -13.9239 30.4372 78.6334 -0.0001 17.7197 0.0000 -27.0369 -0.8349 10.9166 -0.0000 0.0000 0.0000 -0.0000 0.0000 0.0000
 -0.7576 31.4339 9.3340 2.5533 7.8841 -1.2577 -11.5322 2.3620 1.2056 37.6483 -0.0000 0.0000 -29.7974 -0.8146 0.7016 5.5497 -0.0000 0.0000 -4.5001 -5.9369 -6.4467 36.6219 -0.0000 0.0000 -34.0098 -13.1001 -4.4513 1.0709 -0.0000 -0.0000 -3.0999 2.5506 -0.2807 12.8958 0.5510 0.2010 2.8976 6.5021 -7.2875 4.2744 3.7964 2.2228 20.7449 13.7457 -3.8747 -15.9284 -36.7725 -76.4257 -0.0000 -11.0382 -0.0000 -4.0008 3.7824 -17.3573 0.0000 -0.0000 0.0000 0.0000 -0.0000 0.0000 14.8394 -18.2857 3.8371 -13.6251 31.0295 77.7046 -0.0001 17.7557 0.0000 -26.6436 -1.1884 11.8039 -0.0000 -0.0000 0.0000 -0.0000 -0.0000 0.0000
 -0.6031 31.3308 9.4547 2.4020 8.2007 -0.8706 -11.4826 1.9316 0.4617 38.4016 -0.0000 0.0000 -30.2749 -0.5999 1.0092 5.4374 0.0000 0.0000 -5.5766 -5.5291 -7.0813 39.6762 -0.0000 0.0000 -34.1755 -13.3960 -4.7568 1.1054 0.0000 0.0000 -2.9652 2.4792 -0.4433 13.0207 0.4100 -0.0828 2.8760 6.5503 -7.2921 4.1402 3.7647 2.2234 20.7093 13.4672 -3.8563 -15.2294 -38.0388 -75.0745 -0.0000 -10.8330 -0.0000 -3.2932 4.0213 -17.4352 0.0000 0.0000 0.0000 0.0000 0.0000 0.0000 14.9025 -18.3148 3.9315 -13.2141 31.8000 76.6799 -0.0001 17.7597 0.0000 -26.5271 -1.5130 12.4641 0.0000 0.0000 -0.0000 0.0000 0.0000 -0.0000
 -0.4660 31.2277 9.5838 2.2336 8.5401 -0.6274 -11.4343 1.7114 -0.0305 39.2018 -0.0000 0.0000 -30.8199 -0.6208 1.2354 5.3818 0.0000 0.0000 -6.5694 -5.1257 -7.4842 42.6256 -0.0000 0.0000 -34.1259 -13.7668 -5.3412 1.1632 -0.0000 -0.0000 -2.8866 2.4413 -0.5341 13.2009 0.3156 -0.3027 2.9605 6.4971 -7.2452 3.8684 3.7638 2.1617 20.7988 13.0992 -3.7499 -14.7227 -39.5347 -73.8686 -0.0000 -10.4009 -0.0000 -3.4626 4.2752 -16.7906 0.0000 0.0000 0.0000 0.0000 0.0000 0.0000 14.9546 -18.2373 3.9132 -12.7201 32.4845 75.7525 -0.0001 17.6988 0.0000 -26.6670 -1.5908 12.8018 -0.0000 -0.0000 -0.0000 -0.0000 -0.0000 -0.0000
 -0.3298 31.1323 9.7075 2.0917 8.9417 -0.4009 -11.3788 1.5003 -0.4968 39.9137 -0.0000 0.0000 -31.3387 -0.7449 1.5345 5.3484 -0.0000 0.0000 -7.5981 -4.7494 -7.8593 45.5465 -0.0000 0.0000 -33.7432 -14.0628 -6.1308 0.7978 0.0000 0.0000 -2.7797 2.3442 -0.5947 13.3686 0.1554 -0.5303 2.8343 6.6121 -7.2343 3.9287 3.7665 2.1922 20.8552 12.8131 -3.8576 -14.1306 -40.6204 -72.4238 -0.0000 -10.0274 -0.0000 -3.8870 4.2900 -16.5891 -0.0000 -0.0000 0.0000 -0.0000 -0.0000 0.0000 15.0283 -18.2340 4.0157 -12.3149 33.0568 74.8152 -0.0001 17.5969 0.0000 -26.9777 -1.5890 12.5901 0.0000 -0.0000 0.0000 0.0000 -0.0000 0.0000
 -0.2010 31.0404 9.8332 1.9696 9.3700 -0.1897 -11.2399 1.2644 -0.9363 40.4335 -0.0000 0.0000 -31.8926 -0.8897 1.8482 5.3987 0.0000 0.0000 -8.6546 -4.4265 -8.2033 48.4368 -0.0000 0.0000 -33.2222 -14.2767 -7.0532 0.6213 -0.0000 -0.0000 -2.6820 2.2559 -0.6495 13.4859 -0.0026 -0.7755 2.8978 6.5977 -7.1567 3.6505 3.8219 2.0735 20.9712 12.5768 -3.9190 -13.8649 -41.5571 -71.1823 -0.0000 -9.3283 -0.0000 -4.1939 4.2541 -16.4779 0.0000 0.0000 0.0000 0.0000 0.0000 0.0000 15.0900 -18.1940 4.0847 -11.8661 33.5689 73.9530 -0.0001 17.3269 0.0000 -27.0541 -1.4203 12.3509 -0.0000 -0.0000 0.0000 -0.0000 -0.0000 0.0000
 -0.0776 30.9544 9.9600 1.8613 9.8754 -0.0090 -11.0982 0.8663 -1.3781 40.8931 -0.0000 0.0000 -32.4018 -0.9469 2.0766 5.3516 0.0000 0.0000 -9.6744 -4.1269 -8.4800 51.1865 -0.0000 0.0000 -32.4850 -14.4433 -8.2971 0.2958 -0.0000 0.0000 -2.5772 2.1300 -0.6930 13.6172 -0.1966 -1.0047 2.8267 6.6399 -7.0320 3.5420 3.8591 1.9221 20.9600 12.4655 -4.0330 -13.5683 -42.2744 -69.9366 -0.0000 -8.7428 -0.0000 -4.4573 4.2136 -16.4246 0.0000 -0.0000 -0.0000 0.0000 -0.0000 -0.0000 15.0522 -18.2004 4.2172 -11.3526 33.7611 73.0999 -0.0001 17.1631 0.0000 -26.7294 -1.4053 11.8205 -0.0000 -0.0000 0.0000 -0.0000 -0.0000 0.0000
 0.0311 30.8762 10.0943 1.7199 10.2230 -0.0467 -10.8766 0.5590 -1.5412 41.3131 -0.0000 0.0000 -33.0039 -0.9713 2.1326 5.3820 -0.0000 0.0000 -10.6453 -3.7877 -8.4682 53.7922 -0.0000 0.0000 -31.4315 -14.5596 -10.3519 -0.9034 0.0000 0.0000 -2.5163 2.0735 -0.6722 13.8151 -0.2597 -1.0194 2.8065 6.6650 -6.9570 3.4086 3.8840 1.8080 20.6232 12.2292 -3.9689 -13.3510 -42.3745 -69.1446 -0.0000 -8.1461 -0.0000 -4.5412 4.1682 -16.1769 0.0000 -0.0000 0.0000 0.0000 -0.0000 0.0000 15.0177 -18.0729 4.1789 -10.8777 33.8141 72.3496 -0.0001 16.9262 0.0000 -26.8339 -1.2122 10.9825 -0.0000 0.0000 0.0000 -0.0000 0.0000 0.0000
 0.1540 30.8082 10.2273 1.6676 10.8358 -0.0094 -10.7576 -0.1397 -1.9275 41.6653 -0.0000 0.0000 -33.4285 -0.8338 2.3450 5.2751 -0.0000 -0.0000 -11.5898 -3.7218 -8.6079 56.0460 -0.0000 0.0000 -30.8832 -14.3827 -11.6697 -0.3256 0.0000 0.0000 -2.4493 1.9542 -0.6250 13.8373 -0.4083 -1.1015 2.8117 6.6092 -7.0118 3.4213 3.8692 1.9003 20.7483 11.9950 -4.1227 -13.1810 -43.0779 -67.9545 -0.0000 -7.7277 -0.0000 -5.2437 4.3885 -15.7701 0.0000 0.0000 -0.0000 0.0000 0.0000 -0.0000 15.1514 -18.1147 4.2781 -10.5625 33.5249 71.6544 -0.0001 16.6921 0.0000 -26.3796 -1.2563 10.3833 -0.0000 -0.0000 -0.0000 -0.0000 -0.0000 -0.0000
 0.2692 30.7461 10.3561 1.6306 11.3404 0.0117 -10.6345 -0.6670 -2.2403 41.9809 -0.0000 0.0000 -33.8316 -0.7585 2.5412 5.2026 -0.0000 0.0000 -12.5784 -3.5526 -8.7054 58.1861 -0.0000 0.0000 -30.6771 -13.9527 -12.4901 0.4199 -0.0000 -0.0000 -2.3535 1.8874 -0.6082 13.8447 -0.4997 -1.1788 2.7553 6.5763 -6.9102 3.4414 3.8588 1.8417 20.7271 11.9947 -4.2064 -13.2121 -43.7578 -67.0592 -0.0000 -7.2228 -0.0000 -5.4580 4.4199 -15.2071 0.0000 0.0000 -0.0000 0.0000 0.0000 -0.0000 15.1639 -18.1576 4.3460 -10.1273 33.2592 70.9691 -0.0001 16.4431 0.0000 -26.1336 -1.2753 9.7740 -0.0000 0.0000 0.0000 -0.0000 0.0000 0.0000
 0.3769 30.6931 10.4929 1.5646 11.7736 -0.0144 -10.4157 -0.9035 -2.3808 42.2216 -0.0000 0.0000 -34.2432 -0.9191 2.7532 5.3009 -0.0000 0.0000 -13.4977 -3.3339 -8.7017 60.1372 -0.0000 0.0000 -30.6858 -13.3504 -12.9194 1.0438 0.0000 0.0000 -2.2720 1.8554 -0.5924 13.9114 -0.5376 -1.1959 2.7816 6.5068 -6.8115 3.2445 3.8588 1.7770 20.5358 11.9675 -4.2227 -13.3930 -43.8761 -66.4602 -0.0000 -6.9008 -0.0000 -5.0412 4.5483 -14.5273 -0.0000 -0.0000 0.0000 -0.0000 -0.0000 0.0000 15.1320 -18.1804 4.3760 -9.6071 33.0502 70.2811 -0.0001 16.2242 0.0000 -26.4330 -1.1860 8.9540 0.0000 0.0000 0.0000 0.0000 0.0000 0.0000
 0.4837 30.6507 10.6372 1.5427 12.3192 -0.0465 -10.1927 -1.2244 -2.5197 42.3557 -0.0000 0.0000 -34.5500 -1.0821 2.7691 5.2797 0.0000 0.0000 -14.3705 -3.1870 -8.6864 61.8413 -0.0000 0.0000 -30.7251 -12.7204 -12.8157 1.2739 0.0000 0.0000 -2.1880 1.8228 -0.5724 13.8565 -0.5706 -1.1968 2.7836 6.4132 -6.7601 3.2947 3.8230 1.8207 20.4870 11.9489 -4.2430 -13.5633 -44.2574 -65.8020 -0.0000 -6.7419 -0.0000 -4.6235 4.6056 -13.7811 0.0000 0.0000 -0.0000 0.0000 0.0000 -0.0000 15.1745 -18.2715 4.4686 -9.1355 32.5560 69.6423 -0.0001 15.9916 0.0000 -26.2199 -1.1745 8.4077 -0.0000 0.0000 0.0000 -0.0000 0.0000 0.0000
 0.5807 30.6179 10.7867 1.4969 12.6970 -0.0956 -9.8312 -1.3176 -2.5442 42.3119 -0.0000 0.0000 -34.8677 -1.3145 2.5352 5.2510 -0.0000 0.0000 -15.2205 -2.8139 -8.5317 63.4046 -0.0000 0.0000 -30.7251 -12.1298 -12.7128 1.3180 -0.0000 0.0000 -2.1314 1.8217 -0.5738 13.8823 -0.5662 -1.1809 2.8032 6.3742 -6.7157 3.2461 3.8254 1.8696 20.2182 12.0043 -4.1288 -14.0207 -44.0148 -65.6262 -0.0000 -6.7284 -0.0000 -3.9617 4.9270 -13.1104 -0.0000 -0.0000 0.0000 -0.0000 -0.0000 0.0000 15.2668 -18.3011 4.4718 -8.8621 32.3192 69.1459 -0.0001 15.4724 0.0000 -26.3653 -0.8988 7.9954 0.0000 0.0000 -0.0000 0.0000 0.0000 -0.0000
 0.6796 30.5998 10.9452 1.5137 13.2833 -0.1739 -9.5567 -1.5799 -2.5842 42.2928 -0.0000 0.0000 -35.0085 -1.5423 2.6494 5.2391 0.0000 0.0000 -16.0163 -2.7190 -8.4278 64.6726 -0.0000 0.0000 -30.7292 -11.4918 -12.2814 1.0628 -0.0000 -0.0000 -2.0651 1.8171 -0.5675 13.7631 -0.5538 -1.1299 2.8691 6.2081 -6.6041 3.2775 3.7721 1.8573 20.2696 12.0456 -4.1488 -14.7372 -43.9960 -65.3900 -0.0000 -6.6582 -0.0000 -2.9973 4.7601 -12.3607 0.0000 0.0000 0.0000 0.0000 0.0000 0.0000 15.3983 -18.4218 4.6783 -8.3624 31.6359 68.4488 -0.0001 15.3564 0.0000 -26.3657 -1.2147 7.6250 0.0000 -0.0000 0.0000 0.0000 -0.0000 0.0000
 0.7687 30.5940 11.1073 1.5303 13.7247 -0.2546 -9.1579 -1.7420 -2.5665 42.0629 -0.0000 0.0000 -35.1698 -1.7457 2.3297 5.3286 -0.0000 0.0000 -16.8211 -2.4163 -8.2119 65.7540 -0.0000 0.0000 -30.7736 -10.9040 -11.8893 1.1341 -0.0000 -0.0000 -2.0273 1.8336 -0.5739 13.7003 -0.5262 -1.0988 2.9237 6.1028 -6.5393 3.2923 3.7519 1.9172 20.2822 12.1284 -4.1344 -15.5159 -43.6242 -65.2840 -0.0000 -6.9179 -0.0000 -2.5403 4.7222 -11.6273 -0.0000 0.0000 -0.0000 -0.0000 0.0000 -0.0000 15.4707 -18.4633 4.7172 -7.9364 31.2877 67.9470 -0.0001 14.9277 0.0000 -26.4509 -1.0675 7.3890 0.0000 0.0000 0.0000 0.0000 0.0000 0.0000
 0.8577 30.6037 11.2779 1.5706 14.1929 -0.3490 -8.7187 -1.8665 -2.5180 41.7217 -0.0000 0.0000 -35.1875 -2.0133 2.2779 5.1926 -0.0000 0.0000 -17.5825 -2.1948 -7.9842 66.5808 -0.0000 0.0000 -30.9369 -10.3764 -11.3900 1.3796 -0.0000 0.0000 -2.0210 1.8430 -0.5783 13.6302 -0.5010 -1.0492 2.9860 6.0081 -6.4770 3.3722 3.7403 1.9708 20.3181 12.2171 -4.1427 -16.4060 -43.0793 -65.2880 -0.0000 -7.2888 -0.0000 -1.9016 4.6319 -10.9587 -0.0000 -0.0000 -0.0000 -0.0000 -0.0000 -0.0000 15.6213 -18.5052 4.8032 -7.5864 30.8727 67.4543 -0.0001 14.5252 0.0000 -26.5976 -1.0849 7.3128 0.0000 -0.0000 -0.0000 0.0000 -0.0000 -0.0000
 0.9422 30.6287 11.4559 1.6234 14.6481 -0.4539 -8.2197 -1.9879 -2.4365 41.2439 -0.0000 0.0000 -35.1484 -2.3124 2.2774 5.1452 0.0000 0.0000 -18.2953 -1.9935 -7.7191 67.1788 -0.0000 0.0000 -31.0868 -9.9363 -10.9903 1.4542 0.0000 -0.0000 -2.0342 1.8523 -0.5900 13.5638 -0.4747 -0.9958 3.0330 5.9333 -6.4138 3.5122 3.7338 2.0374 20.3715 12.3055 -4.1633 -17.3601 -42.3749 -65.3550 -0.0000 -7.7758 -0.0000 -1.5333 4.4469 -10.4576 -0.0000 0.0000 0.0000 -0.0000 0.0000 0.0000 15.7515 -18.5340 4.8798 -7.2092 30.5075 66.9836 -0.0001 14.1228 0.0000 -26.7154 -1.1334 7.3889 0.0000 -0.0000 -0.0000 0.0000 -0.0000 -0.0000
 1.0085 30.6738 11.6398 1.6782 15.2082 -0.7112 -7.6966 -2.3007 -2.1899 40.6974 -0.0000 0.0000 -34.9079 -2.5444 2.0387 4.7442 -0.0000 0.0000 -18.9182 -1.9179 -7.2476 67.4810 -0.0000 0.0000 -31.1554 -9.6554 -10.9652 1.3770 -0.0000 0.0000 -2.0894 1.7917 -0.5793 13.6093 -0.4736 -0.7809 3.0130 5.9113 -6.4012 3.6883 3.7338 2.1811 20.3607 12.2309 -4.2187 -18.1266 -41.4030 -65.3172 -0.0000 -8.6558 -0.0000 -1.4510 4.4467 -9.8839 0.0000 -0.0000 0.0000 0.0000 -0.0000 0.0000 15.8611 -18.3368 5.0035 -6.7764 29.7678 66.4261 -0.0001 13.9732 0.0000 -26.6174 -1.4064 7.5066 -0.0000 0.0000 0.0000 -0.0000 0.0000 0.0000
 1.0891 30.7237 11.8342 1.7487 15.5865 -0.8102 -7.0374 -2.4969 -2.1110 39.9073 -0.0000 0.0000 -34.6907 -2.7320 1.9256 4.6377 0.0000 0.0000 -19.5615 -1.6286 -6.9433 67.6667 -0.0000 0.0000 -31.3276 -9.3680 -10.5842 1.4964 -0.0000 0.0000 -2.1200 1.8031 -0.5986 13.4775 -0.4527 -0.7531 3.1184 5.8649 -6.3374 3.9003 3.7801 2.2216 20.3947 12.3741 -4.1926 -19.0951 -40.5943 -65.5695 -0.0000 -9.1569 -0.0000 -2.2607 3.7954 -9.5654 -0.0000 0.0000 -0.0000 -0.0000 0.0000 -0.0000 15.8280 -18.4319 4.8836 -6.3159 29.7792 66.1783 -0.0001 13.3848 0.0000 -26.7587 -1.5250 7.7132 -0.0000 -0.0000 -0.0000 -0.0000 -0.0000 -0.0000
 1.1343 30.7951 12.0578 1.6313 16.1405 -1.2737 -6.1868 -2.7408 -1.4864 39.1957 -0.0000 0.0000 -34.4301 -3.0938 1.5526 4.3486 0.0000 -0.0000 -19.7776 -1.6255 -6.1402 67.3768 -0.0000 0.0000 -31.3847 -9.3052 -10.5505 1.5518 -0.0000 -0.0000 -2.1934 1.6380 -0.5315 13.6979 -0.4804 -0.2710 3.0724 5.9802 -6.4327 4.2679 3.8083 2.3260 19.9665 12.1757 -4.0578 -19.5483 -38.9158 -65.8784 -0.0000 -10.2651 -0.0000 -2.2998 3.6521 -9.5253 0.0000 -0.0000 -0.0000 0.0000 -0.0000 -0.0000 15.8382 -18.1554 4.7242 -6.0073 29.2331 65.8883 -0.0000 13.1263 0.0000 -26.5327 -1.9211 7.8065 0.0000 -0.0000 -0.0000 0.0000 -0.0000 -0.0000
 1.2067 30.8700 12.2563 1.7467 16.5039 -1.3628 -5.5089 -3.0701 -1.4475 38.2502 -0.0000 0.0000 -33.9570 -3.1230 1.6710 4.1077 0.0000 -0.0000 -20.3631 -1.3972 -5.8582 67.1322 -0.0000 0.0000 -31.5478 -9.1592 -10.3977 1.6843 0.0000 -0.0000 -2.2006 1.6710 -0.5787 13.5068 -0.4483 -0.2836 3.2152 5.9053 -6.3639 4.3058 3.8647 2.4627 20.0218 12.3214 -4.0405 -20.1829 -38.3635 -65.9059 -0.0000 -11.1422 -0.0000 -3.8096 3.2900 -9.7298 0.0000 -0.0000 0.0000 0.0000 -0.0000 0.0000 15.7176 -18.2933 4.6552 -5.4006 29.3763 65.6308 -0.0000 12.5960 0.0000 -26.5754 -2.0084 8.1027 -0.0000 0.0000 0.0000 -0.0000 0.0000 0.0000
 1.2551 30.9638 12.4875 1.6515 17.0632 -1.7854 -4.5791 -3.4738 -0.8906 37.3277 -0.0000 0.0000 -33.5036 -3.3338 1.2967 3.5625 0.0000 -0.0000 -20.4730 -1.3797 -5.1324 66.3800 -0.0000 0.0000 -31.5826 -9.2182 -10.4194 1.6682 -0.0000 -0.0000 -2.1916 1.5571 -0.4970 13.5607 -0.4579 0.0770 3.1027 6.0335 -6.4060 4.8802 3.8265 2.6741 19.7664 12.1123 -3.9067 -20.4454 -37.1358 -66.0290 -0.0000 -12.4024 -0.0000 -4.6424 3.1318 -9.9683 -0.0000 0.0000 -0.0000 -0.0000 0.0000 -0.0000 15.8081 -18.2115 4.6386 -5.0715 29.1052 65.3310 -0.0000 12.3261 0.0000 -26.2206 -2.4543 8.3356 -0.0000 0.0000 -0.0000 -0.0000 0.0000 -0.0000
 1.3166 31.0611 12.6974 1.7786 17.4524 -1.9270 -3.8709 -3.7548 -0.7296 36.3334 -0.0000 0.0000 -32.7628 -3.4586 1.4765 3.2197 -0.0000 0.0000 -20.9077 -1.1629 -4.7834 65.6417 -0.0000 0.0000 -31.6974 -9.2071 -10.3019 1.7177 0.0000 -0.0000 -2.2177 1.5607 -0.5411 13.3493 -0.4479 0.0934 3.3604 5.9269 -6.3096 4.8029 3.9120 2.7454 19.8194 12.1606 -3.8456 -20.4763 -37.0802 -65.8227 -0.0001 -13.7146 -0.0000 -6.3542 2.8897 -9.3159 -0.0000 -0.0000 -0.0000 -0.0000 -0.0000 -0.0000 15.8811 -18.2913 4.6417 -4.7663 29.1329 65.1960 -0.0000 11.8259 0.0000 -25.9404 -2.5596 8.4939 -0.0000 0.0000 -0.0000 -0.0000 0.0000 -0.0000
 1.3604 31.1679 12.9313 1.7772 17.9926 -2.3696 -3.0011 -4.0553 -0.0998 35.3676 -0.0000 0.0000 -32.1689 -3.7960 0.9353 2.7929 0.0000 0.0000 -21.0399 -1.2119 -4.1031 64.5717 -0.0000 0.0000 -31.6883 -9.3045 -10.4353 1.8123 0.0000 -0.0000 -2.2314 1.4669 -0.4147 13.3521 -0.4721 0.3456 3.1807 6.0891 -6.3451 5.3726 3.8345 3.0122 19.6089 12.0913 -3.6879 -20.4885 -36.4702 -65.8586 -0.0001 -15.0794 -0.0000 -7.2709 2.3601 -9.0207 -0.0000 -0.0000 0.0000 -0.0000 -0.0000 0.0000 15.8875 -18.3010 4.5676 -4.4347 29.0491 65.0766 -0.0000 11.5681 0.0000 -25.7010 -2.9681 8.7002 0.0000 0.0000 0.0000 0.0000 0.0000 0.0000
 1.4117 31.2785 13.1518 1.8974 18.3969 -2.6110 -2.2724 -4.2714 0.2557 34.3961 -0.0000 0.0000 -31.3145 -4.1091 1.0306 2.2546 -0.0000 0.0000 -21.3278 -1.0182 -3.6334 63.4314 -0.0000 0.0000 -31.6709 -9.4650 -10.5404 1.6818 0.0000 0.0000 -2.2427 1.4460 -0.4149 13.1618 -0.4736 0.4131 3.3758 6.0522 -6.2877 5.2867 3.8624 3.1258 19.6439 12.0843 -3.5794 -20.5263 -36.0612 -65.7290 -0.0001 -16.5874 -0.0000 -8.2680 1.8820 -9.1850 -0.0000 -0.0000 0.0000 -0.0000 -0.0000 0.0000 15.8171 -18.3840 4.4979 -4.0593 29.1034 65.0486 -0.0000 11.2017 0.0000 -25.7478 -3.2382 8.4633 -0.0000 -0.0000 0.0000 -0.0000 -0.0000 0.0000
 1.4601 31.3940 13.3754 2.0209 18.8832 -2.9304 -1.6088 -4.5553 0.7183 33.5327 -0.0000 0.0000 -30.4312 -4.4443 0.6000 1.6071 0.0000 0.0000 -21.5189 -0.9320 -3.1339 62.0316 -0.0000 0.0000 -31.7166 -9.5365 -10.7557 1.8023 0.0000 0.0000 -2.2831 1.3974 -0.3548 13.0527 -0.4936 0.5230 3.3184 6.1389 -6.2759 5.6734 3.7889 3.3353 19.5726 12.0803 -3.4627 -20.4718 -35.8296 -65.6370 -0.0001 -18.0580 -0.0000 -9.1930 1.2570 -9.0576 -0.0000 0.0000 -0.0000 -0.0000 0.0000 -0.0000 15.7531 -18.4406 4.3753 -3.8466 28.9950 65.1707 -0.0000 10.8371 0.0000 -25.3730 -3.4637 8.4188 0.0000 -0.0000 -0.0000 0.0000 -0.0000 -0.0000
 1.5239 31.5062 13.5883 2.2316 19.1776 -3.0196 -1.0297 -4.7656 0.8501 32.6143 -0.0000 0.0000 -29.3983 -4.6296 0.5625 0.9025 -0.0000 0.0000 -21.8554 -0.6242 -2.8971 60.6468 -0.0000 0.0000 -31.7902 -9.5219 -10.6533 1.8102 0.0000 -0.0000 -2.2931 1.4309 -0.4311 12.7996 -0.4740 0.4652 3.3033 6.1496 -6.2025 5.8671 3.8034 3.4475 19.4622 12.2573 -3.3175 -20.3459 -35.8966 -65.6045 -0.0001 -19.3876 -0.0000 -9.5902 0.5522 -9.0082 -0.0000 0.0000 -0.0000 -0.0000 0.0000 -0.0000 15.7174 -18.5771 4.2493 -3.7701 29.0130 65.3907 -0.0000 10.2995 0.0000 -25.0419 -3.6200 8.4721 -0.0000 0.0000 0.0000 -0.0000 0.0000 0.0000
 1.5825 31.6233 13.8049 2.4580 19.5381 -3.1155 -0.5494 -4.9324 1.0413 31.8652 -0.0000 0.0000 -28.8006 -4.9648 -0.4308 2.1206 -0.0000 0.0000 -22.1252 -0.4653 -2.6763 59.1125 -0.0000 0.0000 -31.9233 -9.4944 -10.5593 2.1690 0.0000 -0.0000 -2.3299 1.4594 -0.5083 12.6017 -0.4640 0.3923 3.2568 6.1529 -6.1096 6.0384 3.7833 3.5763 19.3879 12.3015 -3.2342 -19.8994 -36.1598 -65.2543 -0.0001 -20.9657 -0.0000 -10.8052 -0.3617 -8.8002 0.0000 -0.0000 -0.0000 0.0000 -0.0000 -0.0000 15.6581 -18.6725 4.1797 -3.6334 29.0269 65.5927 -0.0000 9.8436 0.0000 -24.9834 -3.6883 8.4511 -0.0000 0.0000 0.0000 -0.0000 0.0000 0.0000
 1.6168 31.7457 14.0401 2.7147 19.9855 -3.5648 -0.1318 -5.0838 1.6415 31.2779 -0.0000 0.0000 -27.9064 -5.3328 -0.7423 1.6132 0.0000 0.0000 -22.2358 -0.3571 -2.0919 57.2047 -0.0000 0.0000 -31.8808 -9.2669 -10.4456 2.1163 0.0000 -0.0000 -2.5322 1.4296 -0.3881 12.6369 -0.4739 0.4856 3.1740 6.2615 -6.1017 6.1848 3.6617 3.7809 19.3050 12.2953 -3.1700 -19.5834 -36.5091 -64.9441 -0.0001 -22.2897 -0.0000 -11.4681 -1.1312 -8.4176 -0.0000 0.0000 -0.0000 -0.0000 0.0000 -0.0000 15.4731 -18.6638 4.0438 -3.5395 28.8940 65.9178 -0.0000 9.4437 0.0000 -24.9152 -3.7912 8.1120 0.0000 -0.0000 -0.0000 0.0000 -0.0000 -0.0000
 1.6659 31.8656 14.2647 2.9637 20.3758 -3.7915 0.2388 -5.2443 1.9503 30.7007 -0.0000 0.0000 -26.6137 -5.6593 -0.6857 0.1614 0.0000 -0.0000 -22.3476 -0.1671 -1.7679 55.2387 -0.0000 0.0000 -31.8693 -8.7947 -10.1840 2.1871 -0.0000 0.0000 -2.6039 1.4431 -0.3921 12.4753 -0.4624 0.4772 3.1382 6.3247 -6.0611 6.3455 3.5777 3.9148 19.2898 12.3070 -3.1335 -19.3109 -36.9263 -64.6711 -0.0001 -23.2226 -0.0000 -11.9908 -2.7076 -8.3232 -0.0000 0.0000 0.0000 -0.0000 0.0000 0.0000 15.5162 -18.6779 4.0061 -3.5276 28.9145 66.1739 -0.0000 9.0795 0.0000 -24.8022 -3.9045 7.8106 0.0000 -0.0000 0.0000 0.0000 -0.0000 0.0000
 1.7191 31.9845 14.4888 3.2313 20.7519 -3.9727 0.5398 -5.3921 2.1807 30.1969 -0.0000 0.0000 -25.2750 -5.9339 -0.2589 -1.1778 -0.0000 0.0000 -22.4238 0.1054 -1.5201 53.1122 -0.0000 0.0000 -31.7694 -8.0583 -9.9330 2.1709 -0.0000 -0.0000 -2.7073 1.4720 -0.4138 12.3461 -0.4464 0.4273 3.0766 6.3696 -6.0611 6.5491 3.5040 4.1363 19.2694 12.3067 -3.0828 -18.9881 -37.4282 -64.4083 -0.0001 -24.2507 -0.0000 -12.6484 -3.7408 -7.9437 0.0000 -0.0000 -0.0000 0.0000 -0.0000 -0.0000 15.5496 -18.6502 3.9590 -3.5308 29.0265 66.4726 -0.0000 8.6665 0.0000 -24.8947 -3.9235 7.5503 0.0000 0.0000 0.0000 0.0000 0.0000 0.0000
 1.7704 32.0990 14.7226 3.5128 21.0890 -4.1697 0.8065 -5.4790 2.4349 29.7636 -0.0000 0.0000 -24.0299 -6.2480 -0.1163 -2.1377 -0.0000 0.0000 -22.4443 0.3579 -1.2422 50.9293 -0.0000 0.0000 -31.6066 -7.2095 -9.5103 1.9458 -0.0000 -0.0000 -2.8670 1.5157 -0.4285 12.2770 -0.4175 0.3700 3.0311 6.4169 -6.0473 6.6606 3.4306 4.2815 19.2065 12.3666 -3.0110 -18.7173 -37.9183 -64.2686 -0.0001 -25.0964 -0.0000 -13.5845 -4.9662 -7.7670 0.0000 0.0000 0.0000 0.0000 0.0000 0.0000 15.5968 -18.6117 3.9139 -3.6307 29.1782 66.8350 -0.0000 8.2363 0.0000 -24.8838 -3.9178 7.3804 -0.0000 -0.0000 0.0000 -0.0000 -0.0000 0.0000
 1.8236 32.2066 14.9563 3.7858 21.4509 -4.3761 1.0176 -5.5922 2.6875 29.4716 -0.0000 0.0000 -22.9068 -6.4706 -0.1254 -3.2422 0.0000 0.0000 -22.3989 0.5975 -0.9719 48.6687 0.0000 0.0000 -31.4895 -6.2935 -8.8365 2.0339 0.0000 0.0000 -2.9972 1.5535 -0.4176 12.1746 -0.3955 0.3106 2.9991 6.4639 -6.0734 6.7741 3.3353 4.4537 19.1514 12.4343 -2.9374 -18.5892 -38.2285 -64.3075 -0.0001 -25.8127 -0.0000 -13.9432 -5.9679 -7.4573 -0.0000 0.0000 -0.0000 -0.0000 0.0000 -0.0000 15.6299 -18.5911 3.8407 -3.7334 29.4323 67.2366 -0.0000 7.8237 0.0000 -24.7884 -3.9463 7.1517 0.0000 0.0000 0.0000 0.0000 0.0000 0.0000
 1.8789 32.3075 15.1880 4.0408 21.7752 -4.5394 1.1985 -5.6377 2.8897 29.2454 0.0000 0.0000 -21.7368 -6.7299 0.0458 -4.3849 -0.0000 -0.0000 -22.3243 0.9329 -0.7214 46.4343 -0.0000 0.0000 -31.2016 -5.2818 -8.5695 1.7591 -0.0000 -0.0000 -3.0807 1.6207 -0.4261 12.0221 -0.3434 0.2459 3.0214 6.4611 -6.1123 6.7964 3.2595 4.5974 19.0749 12.5112 -2.8560 -18.5953 -38.4732 -64.5549 -0.0001 -26.1382 -0.0000 -14.2284 -7.2466 -7.1769 -0.0000 0.0000 -0.0000 -0.0000 0.0000 -0.0000 15.7590 -18.5322 3.7952 -3.9473 29.6642 67.6558 -0.0000 7.4020 0.0000 -24.5628 -4.0466 7.0114 0.0000 -0.0000 -0.0000 0.0000 -0.0000 -0.0000
 1.9347 32.3988 15.4248 4.2861 22.1312 -4.7457 1.3168 -5.7324 3.1193 29.2005 -0.0000 0.0000 -20.7073 -6.9007 0.0210 -5.4072 0.0000 0.0000 -22.1730 1.2187 -0.4404 44.1551 -0.0000 0.0000 -31.0273 -4.3532 -8.2383 1.5998 0.0000 0.0000 -3.2011 1.6638 -0.3953 11.9558 -0.3119 0.2025 2.9901 6.5026 -6.1940 6.8542 3.1530 4.7696 18.9400 12.6056 -2.7259 -18.7769 -38.4973 -65.0606 -0.0001 -26.3508 -0.0000 -14.4900 -8.0324 -7.0190 0.0000 -0.0000 0.0000 0.0000 -0.0000 0.0000 15.7365 -18.4948 3.7045 -4.0959 30.0084 68.0922 -0.0000 7.0064 0.0000 -24.4461 -4.1137 6.9099 -0.0000 -0.0000 0.0000 -0.0000 -0.0000 0.0000
 1.9890 32.4790 15.6677 4.4983 22.4651 -4.9715 1.3966 -5.7572 3.3826 29.3064 -0.0000 0.0000 -19.6868 -7.0692 0.2738 -6.4576 0.0000 0.0000 -21.9488 1.5967 -0.0907 41.9357 -0.0000 0.0000 -30.8357 -3.5897 -8.0248 1.4484 -0.0000 0.0000 -3.3069 1.7214 -0.3574 11.8898 -0.2596 0.1804 2.9582 6.5600 -6.2612 6.9367 3.0403 4.9165 18.8129 12.7033 -2.5856 -19.0883 -38.3070 -65.7479 -0.0001 -26.4388 -0.0000 -14.7292 -8.5345 -6.9992 0.0000 -0.0000 -0.0000 0.0000 -0.0000 -0.0000 15.7511 -18.4359 3.6555 -4.2779 30.4354 68.4996 -0.0000 6.6001 0.0000 -24.2055 -4.2309 6.8535 -0.0000 -0.0000 -0.0000 -0.0000 -0.0000 -0.0000
 2.0376 32.5475 15.9189 4.6620 22.7997 -5.2693 1.4360 -5.7524 3.7601 29.6447 -0.0000 0.0000 -18.8419 -7.3682 0.2140 -7.5103 0.0000 0.0000 -21.6401 1.9845 0.3641 39.7530 -0.0000 0.0000 -30.5194 -2.9832 -8.0885 1.1548 0.0000 0.0000 -3.3945 1.7634 -0.2724 11.8691 -0.2134 0.1981 2.7829 6.7167 -6.3051 7.2512 2.8783 5.0267 18.6515 12.7924 -2.4423 -19.5206 -37.7541 -66.6195 -0.0001 -26.4229 -0.0000 -14.8389 -8.7117 -7.2483 -0.0000 -0.0000 0.0000 -0.0000 -0.0000 0.0000 15.7389 -18.3939 3.6405 -4.5365 30.9406 68.9002 -0.0000 6.1112 0.0000 -23.6920 -4.3228 7.1497 0.0000 -0.0000 -0.0000 0.0000 -0.0000 -0.0000
 2.0917 32.6003 16.1667 4.7952 23.1613 -5.4769 1.3462 -5.8184 4.0090 30.2778 -0.0000 0.0000 -17.9366 -7.5487 0.5321 -8.7028 0.0000 -0.0000 -21.2927 2.4666 0.7134 37.7017 -0.0000 0.0000 -30.1323 -2.6107 -7.8777 0.8793 -0.0000 -0.0000 -3.4235 1.8350 -0.2407 11.7523 -0.1359 0.2120 2.8842 6.6677 -6.3805 7.1422 2.7809 5.1174 18.5487 12.8401 -2.2971 -19.9761 -37.2788 -67.5200 -0.0001 -26.2492 -0.0000 -15.1250 -8.4666 -7.5189 0.0000 0.0000 -0.0000 0.0000 0.0000 -0.0000 15.7558 -18.2964 3.6247 -4.6778 31.4111 69.2540 -0.0000 5.7877 0.0000 -23.5329 -4.4662 7.2760 0.0000 0.0000 0.0000 0.0000 0.0000 0.0000
 2.1433 32.6393 16.4335 4.8404 23.5089 -5.7743 1.2653 -5.7378 4.4153 31.1315 0.0000 0.0000 -17.2639 -7.7824 0.5462 -9.5854 0.0000 -0.0000 -20.8280 2.9220 1.2020 35.7763 0.0000 0.0000 -29.6995 -2.4462 -7.8556 0.9676 -0.0000 0.0000 -3.4645 1.8744 -0.1331 11.7719 -0.0779 0.2870 2.7273 6.8485 -6.4731 7.4214 2.6261 5.2266 18.4806 12.9109 -2.2587 -20.2055 -37.0319 -68.2577 -0.0001 -25.9440 -0.0000 -15.5326 -8.5667 -7.1943 -0.0000 -0.0000 0.0000 -0.0000 -0.0000 0.0000 15.7210 -18.2696 3.6818 -4.8612 32.0864 69.5457 -0.0000 5.4484 0.0000 -22.9937 -4.5996 7.0314 -0.0000 -0.0000 0.0000 -0.0000 -0.0000 0.0000
 2.2063 32.6564 16.6918 4.8908 23.9083 -5.9296 0.9891 -5.8191 4.5908 32.3300 0.0000 0.0000 -16.5025 -7.8369 1.0840 -10.9060 0.0000 0.0000 -20.4122 3.3221 1.4788 34.1320 -0.0000 0.0000 -29.2039 -2.4406 -7.7804 0.7163 0.0000 0.0000 -3.4635 1.9386 -0.1029 11.6750 -0.0054 0.3117 2.8900 6.7688 -6.5893 7.1698 2.5644 5.3233 18.4828 12.9278 -2.1798 -20.4809 -36.8150 -69.0098 -0.0001 -25.5915 -0.0000 -15.8329 -8.1239 -7.1930 -0.0000 -0.0000 -0.0000 -0.0000 -0.0000 -0.0000 15.6740 -18.1681 3.6889 -4.9864 32.5367 69.8873 -0.0000 5.2504 0.0000 -23.0635 -4.8007 6.8371 -0.0000 -0.0000 0.0000 -0.0000 -0.0000 0.0000
 2.2564 32.6591 16.9690 4.8129 24.3421 -6.2273 0.7076 -5.7246 5.0584 33.8370 -0.0000 0.0000 -15.8852 -8.1595 1.0992 -12.2156 0.0000 -0.0000 -19.8348 3.5892 1.9520 32.6029 -0.0000 0.0000 -28.5830 -2.6190 -7.7714 0.7278 0.0000 0.0000 -3.4215 1.9299 0.0275 11.7097 0.0148 0.4356 2.7470 6.9476 -6.7043 7.4046 2.4454 5.4005 18.3326 12.9356 -2.1573 -20.5683 -36.1694 -69.7379 -0.0001 -25.3428 -0.0000 -15.9896 -7.5770 -7.3547 0.0000 0.0000 -0.0000 0.0000 0.0000 -0.0000 15.7205 -18.0943 3.8025 -5.5098 32.9899 70.2683 -0.0000 4.8181 0.0000 -22.8254 -4.8764 7.0438 -0.0000 0.0000 -0.0000 -0.0000 0.0000 -0.0000
 2.3162 32.6371 17.2336 4.7788 24.8109 -6.3547 0.1880 -5.9424 5.2095 35.7063 -0.0000 0.0000 -15.2762 -8.1455 1.5710 -13.4725 0.0000 0.0000 -19.3527 3.7124 2.1673 31.3640 -0.0000 0.0000 -27.8022 -2.7711 -7.8960 0.4891 -0.0000 0.0000 -3.3608 2.0036 0.0481 11.6473 0.1018 0.4786 2.8712 6.8339 -6.7683 7.1207 2.3533 5.4090 18.3186 12.9302 -2.0842 -20.6499 -36.2046 -70.3581 -0.0001 -24.9334 -0.0000 -16.0724 -6.9865 -7.1370 -0.0000 0.0000 -0.0000 -0.0000 0.0000 -0.0000 15.6558 -18.0192 3.8816 -5.7722 33.2395 70.6618 -0.0000 4.6968 0.0000 -22.9406 -5.0600 6.7917 -0.0000 -0.0000 -0.0000 -0.0000 -0.0000 -0.0000
 2.3674 32.5999 17.5250 4.6076 25.3732 -6.6652 -0.2873 -6.0588 5.6910 37.8333 -0.0000 0.0000 -14.7372 -8.3677 1.7793 -14.7805 0.0000 -0.0000 -18.6041 3.5408 2.5861 30.0795 -0.0000 0.0000 -26.7750 -2.9470 -7.5434 0.4879 0.0000 -0.0000 -3.2706 1.9474 0.2166 11.6891 0.0796 0.6376 2.7804 6.9858 -6.9038 7.2661 2.2465 5.4650 18.2384 12.9240 -2.1365 -20.5553 -35.7851 -70.9100 -0.0001 -24.5851 -0.0000 -16.0636 -6.6753 -7.1059 0.0000 -0.0000 -0.0000 0.0000 -0.0000 -0.0000 15.6735 -17.9469 4.0121 -6.3538 33.5749 71.0898 -0.0000 4.3630 0.0000 -22.8392 -5.0238 6.8862 0.0000 -0.0000 -0.0000 0.0000 -0.0000 -0.0000
 2.4375 32.5305 17.7887 4.5558 25.8337 -6.6856 -1.0722 -6.3505 5.6672 40.2238 -0.0000 0.0000 -14.0885 -8.2736 2.1960 -16.2011 0.0000 0.0000 -18.0712 3.3890 2.6011 29.0777 -0.0000 0.0000 -25.5911 -2.8947 -6.9906 0.1994 -0.0000 0.0000 -3.2170 2.0618 0.1948 11.6012 0.1988 0.6420 2.9678 6.7922 -6.9537 6.8879 2.1737 5.4339 18.3168 12.9258 -2.0500 -20.6817 -36.0488 -71.5675 -0.0001 -23.9031 -0.0000 -16.1289 -6.5359 -6.9098 -0.0000 0.0000 -0.0000 -0.0000 0.0000 -0.0000 15.7170 -17.8815 4.0530 -6.9243 33.5602 71.6761 -0.0000 4.2972 0.0000 -22.8406 -5.1123 6.7221 0.0000 -0.0000 0.0000 0.0000 -0.0000 0.0000
 2.4951 32.4418 18.0669 4.3513 26.5893 -6.8449 -1.8859 -6.7786 5.9136 42.9965 -0.0000 0.0000 -13.5018 -8.3549 2.4313 -17.4639 0.0000 0.0000 -17.2272 2.8659 2.7409 27.9804 -0.0000 0.0000 -24.1046 -2.7390 -5.6394 0.5491 -0.0000 0.0000 -3.0473 1.9957 0.2991 11.6809 0.1530 0.7460 2.8365 6.8450 -7.0707 6.7624 2.0231 5.5018 18.2488 12.8999 -2.1154 -20.4294 -36.0392 -71.9261 -0.0001 -23.6247 -0.0000 -15.9984 -6.1956 -6.7497 0.0000 -0.0000 -0.0000 0.0000 -0.0000 -0.0000 15.7188 -17.8573 4.1553 -7.5391 33.7188 72.1883 -0.0000 4.2995 0.0000 -22.6976 -5.1679 6.7633 -0.0000 -0.0000 -0.0000 -0.0000 -0.0000 -0.0000
 2.5819 32.3250 18.3329 4.2542 27.1393 -6.8726 -2.8278 -7.2801 5.7949 45.8122 0.0000 0.0000 -12.9274 -8.0623 2.8647 -18.3910 0.0000 -0.0000 -16.6034 2.2813 2.6265 27.2428 -0.0000 0.0000 -21.9307 -1.8660 -3.9129 0.7680 0.0000 0.0000 -3.0018 2.0858 0.3428 11.6355 0.2517 0.7791 2.8770 6.7360 -7.0749 6.6235 1.9040 5.3460 18.3736 12.8798 -2.0428 -20.5985 -36.3924 -72.6452 -0.0001 -22.6410 -0.0000 -15.7989 -6.5116 -6.8402 -0.0000 0.0000 -0.0000 -0.0000 0.0000 -0.0000 15.6849 -17.8240 4.0851 -8.1221 33.7302 72.8378 -0.0000 4.3545 0.0000 -22.9603 -5.1566 6.5773 0.0000 -0.0000 -0.0000 0.0000 -0.0000 -0.0000
 2.6380 32.1935 18.6149 4.0705 27.9992 -7.1172 -3.8086 -7.8946 6.0447 48.8939 -0.0000 0.0000 -12.4793 -7.9650 2.8341 -18.8549 0.0000 -0.0000 -15.7183 1.2578 2.7926 26.7184 -0.0000 0.0000 -21.9302 -1.1196 -3.7070 6.1774 0.0000 0.0000 -2.8595 2.0018 0.5179 11.7171 0.1869 0.8964 2.7216 6.7572 -7.2054 6.4491 1.7644 5.5100 18.3363 12.8747 -2.1690 -20.2285 -36.6404 -72.8399 -0.0001 -22.2888 -0.0000 -15.8139 -6.2940 -6.9149 -0.0000 -0.0000 -0.0000 -0.0000 -0.0000 -0.0000 15.5925 -17.8163 4.1423 -8.6998 33.8328 73.3926 -0.0000 4.5732 0.0000 -22.8328 -5.3503 6.6401 0.0000 0.0000 0.0000 0.0000 0.0000 0.0000
 2.7257 32.0231 18.8676 3.8847 28.5876 -7.0816 -4.9080 -8.4274 5.8130 52.0999 -0.0000 0.0000 -12.0779 -7.5209 2.9869 -18.6925 0.0000 -0.0000 -15.3743 0.7526 2.7052 28.4937 -0.0000 0.0000 -25.0597 -2.5294 -1.3440 1.9862 -0.0000 0.0000 -2.7499 2.1139 0.5794 11.7811 0.3040 0.9207 2.7304 6.6027 -7.2330 5.9816 1.5988 5.3086 18.3385 12.8397 -2.0246 -20.2969 -37.1318 -73.5532 -0.0001 -21.2917 -0.0000 -15.6824 -6.5390 -7.2168 -0.0000 -0.0000 -0.0000 -0.0000 -0.0000 -0.0000 15.5593 -17.7441 3.9520 -9.3614 33.8391 74.1245 -0.0000 4.8940 0.0000 -23.1118 -5.2103 6.6899 -0.0000 -0.0000 0.0000 -0.0000 -0.0000 0.0000
 2.8127 31.8453 19.1264 3.7145 29.3314 -7.0804 -6.0679 -9.0418 5.6080 55.3447 -0.0000 0.0000 -11.6708 -7.0803 2.8180 -18.0617 0.0000 0.0000 -15.1363 0.1088 2.6331 29.9280 -0.0000 0.0000 -26.7987 -3.4073 -0.5943 1.7513 0.0000 0.0000 -2.6249 2.1715 0.6447 11.8118 0.3635 0.9421 2.8270 6.3915 -7.2062 5.2957 1.4899 5.1589 18.3274 12.7589 -2.0038 -20.0895 -37.6192 -73.9811 -0.0001 -20.5315 -0.0000 -15.8018 -6.5402 -7.5172 -0.0000 -0.0000 -0.0000 -0.0000 -0.0000 -0.0000 15.4099 -17.7278 3.8631 -9.8311 33.9091 74.7057 -0.0000 5.3029 0.0000 -23.1862 -5.1646 6.8123 0.0000 -0.0000 -0.0000 0.0000 -0.0000 -0.0000
 2.8536 31.6753 19.3865 3.6057 30.0789 -7.5538 -7.3553 -9.5230 6.0048 58.7669 -0.0000 0.0000 -11.4612 -6.8903 2.6574 -16.3372 0.0000 0.0000 -15.1525 -0.6635 3.1162 31.2879 -0.0000 0.0000 -27.9854 -3.0167 -0.3292 2.5999 -0.0000 0.0000 -2.4486 2.1695 0.9207 11.7626 0.4127 1.2003 2.9720 6.1325 -7.1593 4.4714 1.4247 4.7969 18.2778 12.6852 -2.2141 -19.6792 -37.9139 -74.1606 -0.0001 -19.8436 -0.0000 -15.7607 -6.6236 -7.7874 -0.0000 0.0000 -0.0000 -0.0000 0.0000 -0.0000 15.4380 -17.5774 4.0480 -10.3098 34.1621 74.9382 -0.0000 5.9138 0.0000 -23.6573 -5.1815 6.5600 0.0000 -0.0000 0.0000 0.0000 -0.0000 0.0000
 2.8955 31.5022 19.6462 3.5720 30.6676 -8.0806 -8.7115 -9.8736 6.4118 62.1318 -0.0000 0.0000 -11.2652 -6.6118 2.4284 -14.0280 -0.0000 -0.0000 -15.4645 -1.2923 3.6569 33.1392 -0.0000 0.0000 -29.2165 -3.0777 -0.2596 3.1064 0.0000 0.0000 -2.3845 2.2890 1.1595 11.7832 0.6054 1.5198 3.0534 5.8354 -6.9812 3.7032 1.3522 4.2789 18.2349 12.6245 -2.3461 -19.4745 -38.3737 -74.5196 -0.0001 -18.9443 -0.0000 -15.5867 -6.3908 -8.2865 0.0000 0.0000 -0.0000 0.0000 0.0000 -0.0000 15.4983 -17.4618 4.2283 -10.9003 34.3715 75.1490 -0.0000 6.5250 0.0000 -23.6545 -5.3271 7.0695 0.0000 -0.0000 -0.0000 0.0000 -0.0000 -0.0000
 2.9408 31.3357 19.8774 3.5837 31.0352 -8.6438 -10.1896 -10.0709 6.7677 65.5077 -0.0000 0.0000 -11.2836 -6.2185 2.2650 -11.2835 0.0000 -0.0000 -15.9273 -1.9666 4.1690 35.0669 -0.0000 0.0000 -30.1639 -3.1147 -0.4678 2.7896 0.0000 0.0000 -2.2627 2.4729 1.4319 11.7512 0.8657 1.8596 2.9056 5.6674 -6.8819 3.2313 1.2734 3.8187 18.5002 12.5899 -2.6130 -19.5844 -38.6131 -74.9810 -0.0001 -18.1482 -0.0000 -15.8841 -6.2302 -8.3918 -0.0000 0.0000 -0.0000 -0.0000 0.0000 -0.0000 15.6695 -17.3340 4.4432 -11.6836 34.8828 75.2802 -0.0000 7.0386 0.0000 -24.1509 -5.0355 7.3378 -0.0000 0.0000 -0.0000 -0.0000 0.0000 -0.0000
 3.0086 31.1842 20.0935 3.6741 31.2206 -9.1841 -11.7704 -10.0537 6.9967 68.7725 -0.0000 0.0000 -11.5740 -5.7830 2.7964 -6.6700 0.0000 0.0000 -16.3218 -2.7842 4.5278 36.7565 -0.0000 0.0000 -31.0342 -2.6465 -0.9077 2.4874 0.0000 0.0000 -2.3024 2.7116 1.7236 11.9615 1.1785 2.1580 2.4137 5.6790 -6.9178 3.0662 1.1642 3.6338 18.8331 12.5099 -3.0511 -19.7435 -38.7581 -75.3053 -0.0001 -17.3720 -0.0000 -15.4961 -5.8338 -8.6625 -0.0000 -0.0000 -0.0000 -0.0000 -0.0000 -0.0000 15.9013 -17.1775 4.7576 -12.6375 35.4802 75.2495 -0.0000 7.7145 0.0000 -25.0991 -4.8868 7.1735 0.0000 0.0000 0.0000 0.0000 0.0000 0.0000
 3.1115 31.0453 20.3023 3.4778 31.2601 -9.1504 -13.0389 -9.7978 6.6999 71.6278 -0.0000 0.0000 -12.0993 -5.2385 3.6951 -0.9470 -0.0000 -0.0000 -16.3459 -3.4881 4.3851 38.2074 -0.0000 0.0000 -32.1003 -2.1465 -0.7832 2.4573 0.0000 0.0000 -2.1820 3.0004 1.8007 12.2403 1.4770 2.1856 2.2686 5.6659 -6.8923 2.2345 1.0868 3.2802 19.2531 12.4525 -3.5232 -19.8406 -38.6345 -75.5482 -0.0001 -16.7720 -0.0000 -15.6215 -5.3922 -8.8773 -0.0000 -0.0000 -0.0000 -0.0000 -0.0000 -0.0000 15.7809 -16.7657 4.8879 -13.4526 35.2530 75.3810 -0.0000 8.4698 0.0000 -24.8552 -4.8815 7.3482 -0.0000 -0.0000 -0.0000 -0.0000 -0.0000 -0.0000
 3.1971 30.9127 20.4832 3.7450 31.2833 -9.4133 -14.7714 -9.4845 6.5221 74.3771 -0.0000 0.0000 -13.0004 -4.8433 4.6843 2.9905 -0.0000 -0.0000 -16.7080 -4.3127 4.2707 39.4512 -0.0000 0.0000 -33.0579 -1.5486 -0.8743 2.3999 0.0000 -0.0000 -2.2610 3.2326 1.8791 12.2942 1.7325 2.2554 1.9435 5.6492 -6.9101 1.8148 1.1536 3.1106 19.5303 12.5263 -3.6559 -20.1561 -38.4384 -76.3661 -0.0001 -15.7696 -0.0000 -15.3334 -5.1429 -9.0523 -0.0000 -0.0000 -0.0000 -0.0000 -0.0000 -0.0000 16.0135 -16.7409 4.9969 -14.8253 36.3809 75.7189 -0.0000 8.7725 0.0000 -25.6039 -4.2862 7.3935 -0.0000 -0.0000 0.0000 -0.0000 -0.0000 0.0000
 3.3072 30.8066 20.6787 3.6637 31.2918 -9.3728 -16.0946 -8.9947 6.2704 76.7509 -0.0000 0.0000 -13.8668 -4.2747 5.0715 3.9174 -0.0000 -0.0000 -16.6519 -4.8450 4.1023 40.4688 -0.0000 0.0000 -33.8418 -1.2032 -0.7863 2.2262 0.0000 0.0000 -2.1721 3.5014 1.9080 12.4657 1.9966 2.2270 1.7032 5.6988 -6.9379 1.3520 1.1169 2.9690 20.0671 12.4332 -4.0467 -20.2529 -38.2573 -76.6497 -0.0001 -15.1084 -0.0000 -15.4365 -4.7988 -9.2245 0.0000 0.0000 -0.0000 0.0000 0.0000 -0.0000 15.8470 -16.3800 5.0550 -15.5351 36.4292 75.8266 -0.0000 9.7946 0.0000 -25.6799 -4.2794 7.0842 -0.0000 -0.0000 -0.0000 -0.0000 -0.0000 -0.0000
 3.4097 30.7121 20.8653 3.9113 31.3510 -9.3368 -17.7138 -8.5630 5.8399 78.8822 -0.0000 0.0000 -14.8378 -3.7117 5.0054 3.6408 -0.0000 0.0000 -16.7769 -5.0404 3.8660 41.2141 -0.0000 0.0000 -34.6775 -1.1951 -0.6285 2.3802 -0.0000 0.0000 -2.1965 3.6441 1.7732 12.3774 2.1027 2.0808 1.6476 5.6244 -6.8923 0.7485 1.3789 2.9123 20.1702 12.5512 -4.0437 -19.9759 -37.9351 -77.2506 -0.0001 -14.3941 -0.0000 -14.9514 -4.1738 -9.4101 0.0000 -0.0000 -0.0000 0.0000 -0.0000 -0.0000 15.9483 -16.2421 5.1213 -16.7028 37.6015 76.1616 -0.0000 10.3297 0.0000 -26.2284 -3.8067 6.9306 0.0000 0.0000 -0.0000 0.0000 0.0000 -0.0000
 3.5279 30.6501 21.0723 3.8343 31.3845 -9.2918 -18.9070 -8.0219 5.6423 80.6644 -0.0000 0.0000 -15.6647 -3.4871 5.0921 3.2200 -0.0000 0.0000 -16.5011 -5.1724 3.8466 41.7431 0.0000 0.0000 -35.2063 -1.3291 -0.3159 2.5189 0.0000 0.0000 -2.1049 3.8809 1.7726 12.4556 2.3246 2.0170 1.4578 5.7046 -6.9448 0.5995 1.3529 2.9325 20.4365 12.5403 -4.3300 -19.5350 -38.1422 -77.3403 -0.0001 -13.8005 -0.0000 -14.9786 -3.5758 -9.6820 -0.0000 0.0000 -0.0000 -0.0000 0.0000 -0.0000 15.4555 -15.9782 5.0083 -17.1280 37.7815 76.3926 -0.0000 11.5117 0.0000 -26.1158 -3.7907 6.0348 -0.0000 0.0000 0.0000 -0.0000 0.0000 0.0000
 3.6551 30.6088 21.2719 3.9298 31.7298 -9.2584 -20.2340 -7.7292 5.2542 82.1341 -0.0000 0.0000 -16.3558 -3.5043 5.5689 3.5218 -0.0000 0.0000 -16.1922 -5.1571 3.7810 42.0310 -0.0000 0.0000 -35.7206 -1.7803 -0.2494 2.7268 0.0000 0.0000 -2.0202 3.9110 1.6922 12.2787 2.3267 1.9329 1.5492 5.6299 -6.8972 0.3684 1.5750 2.8866 20.4979 12.5862 -4.3362 -19.0633 -37.8975 -77.7918 -0.0000 -13.0589 -0.0000 -14.5285 -2.7553 -10.4948 -0.0000 0.0000 -0.0000 -0.0000 0.0000 -0.0000 15.4965 -15.7984 5.0677 -17.9550 38.6551 76.5531 -0.0000 12.5505 0.0000 -26.5288 -3.5513 5.1990 0.0000 0.0000 0.0000 0.0000 0.0000 0.0000
 3.7922 30.5936 21.4832 3.9367 31.9224 -9.2128 -21.3636 -7.2536 5.0028 83.2149 -0.0000 0.0000 -16.8833 -3.7269 5.7023 3.5671 -0.0000 0.0000 -15.7336 -5.1346 3.7543 42.1462 -0.0000 0.0000 -36.0026 -2.0385 -0.2852 2.5176 -0.0000 -0.0000 -1.9801 4.0329 1.6596 12.2173 2.4229 1.8387 1.5739 5.6055 -6.9070 0.3763 1.7081 2.8606 20.5544 12.5618 -4.4559 -18.2601 -38.3890 -77.8848 -0.0000 -12.3126 -0.0000 -14.0810 -2.3006 -10.6515 0.0000 0.0000 -0.0000 0.0000 0.0000 -0.0000 15.3824 -15.6314 5.0224 -18.7014 39.1865 76.8283 -0.0001 13.7329 0.0000 -26.1095 -3.3494 4.3358 0.0000 0.0000 0.0000 0.0000 0.0000 0.0000
 3.9335 30.6008 21.6959 3.9524 32.2565 -9.1786 -22.4370 -6.8777 4.7372 83.9513 -0.0000 0.0000 -17.3710 -3.9995 5.6817 3.6654 0.0000 0.0000 -15.1364 -5.1820 3.7228 42.0362 -0.0000 0.0000 -36.1876 -2.3267 -0.4505 2.3974 -0.0000 -0.0000 -1.9218 4.1190 1.6103 12.1564 2.4820 1.7441 1.6173 5.5419 -6.8650 0.3597 1.8173 2.8612 20.6661 12.5850 -4.5502 -17.5035 -38.9553 -77.9225 -0.0000 -11.7852 -0.0000 -13.9453 -1.6495 -11.1268 0.0000 -0.0000 0.0000 0.0000 -0.0000 0.0000 15.2242 -15.5632 4.9961 -19.3030 39.7263 77.0409 -0.0001 15.1346 0.0000 -25.8465 -3.1327 3.5864 -0.0000 0.0000 0.0000 -0.0000 0.0000 0.0000
 4.0800 30.6336 21.9091 4.0023 32.6263 -9.1876 -23.4662 -6.4992 4.5058 84.3456 -0.0000 0.0000 -17.7531 -4.3381 5.6118 3.7802 -0.0000 0.0000 -14.3194 -5.1200 3.7570 41.4416 -0.0000 0.0000 -36.2532 -2.7524 -0.2940 2.3195 -0.0000 0.0000 -1.8969 4.1977 1.5697 12.1033 2.5381 1.6611 1.6295 5.4849 -6.8225 0.4743 1.8941 2.8675 20.8014 12.5934 -4.5961 -16.9150 -39.5091 -78.0378 -0.0000 -11.1047 -0.0000 -13.3878 -1.1408 -11.9341 0.0000 0.0000 0.0000 0.0000 0.0000 0.0000 15.1075 -15.5012 4.9744 -19.8644 40.1991 77.2100 -0.0001 16.6343 0.0000 -25.6881 -2.6886 2.7829 0.0000 0.0000 -0.0000 0.0000 0.0000 -0.0000
 4.2406 30.6863 22.1145 4.0506 33.0648 -9.1935 -24.4262 -6.1550 4.2094 84.4202 -0.0000 0.0000 -18.0811 -4.6794 5.6005 3.9378 -0.0000 -0.0000 -13.4704 -5.2879 3.7000 40.8086 -0.0000 0.0000 -36.1282 -2.9993 -0.2475 2.2219 -0.0000 0.0000 -1.8671 4.2615 1.5535 12.0800 2.5773 1.5745 1.6466 5.4026 -6.7826 0.5757 1.9570 2.8624 20.8966 12.6074 -4.6409 -16.2203 -40.2348 -78.0649 -0.0000 -10.6231 -0.0000 -12.7204 -0.4887 -12.8537 0.0000 -0.0000 -0.0000 0.0000 -0.0000 -0.0000 14.9818 -15.5265 4.9458 -20.2424 40.7917 77.2524 -0.0001 18.3919 0.0000 -25.2922 -2.1932 1.7290 -0.0000 0.0000 0.0000 -0.0000 0.0000 0.0000
 4.4134 30.7602 22.3223 4.1430 33.5930 -9.2127 -25.3216 -5.8567 3.8571 84.1350 -0.0000 0.0000 -18.2286 -5.0885 6.0106 3.8077 0.0000 -0.0000 -12.4934 -5.5485 3.6090 39.9116 -0.0000 0.0000 -35.8625 -3.1879 -0.2882 1.9310 -0.0000 0.0000 -1.8946 4.2998 1.5478 12.0769 2.5872 1.4686 1.6716 5.2856 -6.7430 0.7744 1.9810 2.8453 21.0271 12.6192 -4.6941 -15.4643 -41.0569 -77.9652 -0.0000 -10.3455 -0.0000 -11.9150 0.2152 -13.7399 0.0000 0.0000 -0.0000 0.0000 0.0000 -0.0000 14.9083 -15.6275 4.8983 -20.6873 41.2658 77.3509 -0.0001 20.1846 0.0000 -25.1244 -1.6526 1.0624 0.0000 -0.0000 -0.0000 0.0000 -0.0000 -0.0000
 4.5967 30.8562 22.5317 4.2663 34.1814 -9.2432 -26.1257 -5.6111 3.4794 83.4870 -0.0000 0.0000 -18.5781 -5.4819 6.0349 3.7535 0.0000 0.0000 -11.4353 -5.7653 3.5208 38.8334 -0.0000 0.0000 -35.3970 -3.3910 -0.3117 1.5077 -0.0000 -0.0000 -1.9578 4.3209 1.5353 12.1120 2.5790 1.3541 1.6444 5.2079 -6.6703 1.0619 2.0021 2.8343 21.2005 12.7035 -4.7263 -14.9998 -41.3803 -77.9646 -0.0000 -10.2067 -0.0000 -10.3891 1.3471 -15.3064 -0.0000 -0.0000 0.0000 -0.0000 -0.0000 0.0000 14.8161 -15.7950 4.8634 -21.0421 41.7005 77.3965 -0.0001 22.0927 0.0000 -24.7464 -1.2409 0.4692 -0.0000 -0.0000 0.0000 -0.0000 -0.0000 0.0000
 4.7919 30.9677 22.7422 4.3959 34.7927 -9.2668 -26.8110 -5.3832 3.0768 82.5007 -0.0000 0.0000 -19.1455 -5.8723 5.9633 3.6112 0.0000 0.0000 -10.3196 -5.9150 3.4383 37.6393 -0.0000 0.0000 -34.8172 -3.6779 -0.2286 1.1385 0.0000 -0.0000 -2.0705 4.3367 1.5410 12.1729 2.5636 1.2276 1.7483 5.0644 -6.6265 1.1991 2.0482 2.8170 21.1768 12.7248 -4.6719 -14.1640 -42.3965 -77.9097 -0.0000 -9.8245 -0.0000 -9.4139 1.3257 -15.7657 0.0000 -0.0000 -0.0000 0.0000 -0.0000 -0.0000 14.7630 -16.0245 4.6774 -21.8635 41.6776 77.9362 -0.0001 23.6286 0.0000 -24.0032 -0.8229 0.3601 0.0000 -0.0000 0.0000 0.0000 -0.0000 0.0000
 4.9917 31.0938 22.9496 4.5433 35.4258 -9.3036 -27.4152 -5.1764 2.6646 81.2137 -0.0000 0.0000 -19.8175 -6.2372 5.8017 3.7979 0.0000 0.0000 -9.2021 -5.9800 3.3857 36.3884 -0.0000 0.0000 -34.1359 -4.0730 0.0101 0.9815 -0.0000 0.0000 -2.1343 4.3497 1.5225 12.1609 2.5475 1.1151 1.7316 4.9878 -6.5562 1.5841 2.0561 2.8072 21.2493 12.8244 -4.6499 -13.5753 -42.9658 -77.8906 -0.0000 -9.6986 -0.0000 -8.3349 1.9734 -16.5152 -0.0000 -0.0000 0.0000 -0.0000 -0.0000 0.0000 14.6494 -16.2291 4.6009 -22.0387 41.7754 77.9624 -0.0001 25.7486 0.0000 -23.9546 -0.6139 0.0084 -0.0000 -0.0000 -0.0000 -0.0000 -0.0000 -0.0000
 5.2029 31.2293 23.1614 4.6755 36.1070 -9.3258 -27.8832 -4.9879 2.2374 79.6363 -0.0000 0.0000 -20.4146 -6.5601 5.5976 3.7689 0.0000 0.0000 -8.0381 -6.0237 3.3267 35.1079 -0.0000 -0.0000 -33.2603 -4.4819 0.2708 0.5739 -0.0000 -0.0000 -2.2142 4.3351 1.5049 12.1658 2.5038 1.0031 1.8095 4.8992 -6.4832 1.8223 2.1201 2.7694 21.3070 12.9228 -4.5469 -13.1168 -43.3797 -77.9959 -0.0000 -9.4738 -0.0000 -6.5575 2.5065 -17.7089 0.0000 -0.0000 -0.0000 0.0000 -0.0000 -0.0000 14.5867 -16.4473 4.4678 -22.2923 41.7369 78.1041 -0.0001 27.7557 0.0000 -23.5869 -0.0156 -0.1615 0.0000 -0.0000 -0.0000 0.0000 -0.0000 -0.0000
 5.4184 31.3774 23.3655 4.7955 36.7458 -9.3369 -28.2462 -4.7779 1.8190 77.7645 -0.0000 0.0000 -20.9536 -6.7925 5.0945 3.9244 0.0000 -0.0000 -6.9071 -5.9393 3.2785 33.8420 -0.0000 0.0000 -32.1481 -4.8849 0.3730 -0.0808 -0.0000 -0.0000 -2.2606 4.3340 1.4957 12.1539 2.4708 0.8852 1.8574 4.8199 -6.4499 2.1006 2.1597 2.7348 21.3575 13.0368 -4.5084 -12.5382 -43.7611 -77.9542 -0.0000 -9.4419 -0.0000 -5.5422 2.9220 -18.4282 -0.0000 -0.0000 0.0000 -0.0000 -0.0000 0.0000 14.4556 -16.6329 4.3129 -22.3842 41.5971 78.1877 -0.0001 29.8372 0.0000 -23.5874 0.3946 -0.2806 0.0000 -0.0000 0.0000 0.0000 -0.0000 0.0000
 5.6771 31.5313 23.5750 4.4955 37.4116 -8.9509 -28.0758 -4.4971 1.1806 75.5689 -0.0000 0.0000 -21.3684 -6.7914 5.1084 4.2364 -0.0000 0.0000 -5.3952 -6.0283 2.9751 32.5589 -0.0000 -0.0000 -30.9625 -5.0875 0.6597 -0.9109 -0.0000 0.0000 -2.2330 4.2753 1.5045 12.5206 2.3378 0.6344 1.6855 4.8729 -6.4024 2.6986 2.2596 2.5744 21.1677 13.2207 -4.4449 -11.7883 -44.2808 -77.9137 -0.0000 -9.3647 -0.0000 -4.9208 3.0618 -18.7504 0.0000 -0.0000 -0.0000 0.0000 -0.0000 -0.0000 14.2129 -16.6118 3.9555 -22.4938 41.3991 78.4087 -0.0001 31.8146 0.0000 -24.1964 1.1177 -0.4396 0.0000 0.0000 -0.0000 0.0000 0.0000 -0.0000
 5.8910 31.6898 23.7745 4.7620 37.9245 -9.0819 -28.3678 -4.1623 0.9158 73.2266 -0.0000 0.0000 -21.5534 -6.8097 4.8452 3.6673 -0.0000 -0.0000 -4.5833 -5.8507 2.9656 31.5760 -0.0000 0.0000 -29.6109 -5.5048 0.9611 -1.6252 -0.0000 0.0000 -2.2631 4.3557 1.4607 12.2610 2.4012 0.5666 1.9336 4.7086 -6.4497 2.6454 2.3265 2.6979 21.3308 13.3874 -4.3737 -11.5771 -44.3058 -78.0493 -0.0000 -9.1950 -0.0000 -4.2505 3.4584 -19.4957 0.0000 0.0000 0.0000 0.0000 0.0000 0.0000 14.1681 -16.8270 3.9117 -22.2080 41.2824 78.1848 -0.0001 34.0075 0.0000 -24.2290 1.4319 -0.3304 0.0000 0.0000 0.0000 0.0000 0.0000 0.0000
 6.1219 31.8507 23.9658 4.9723 38.6254 -9.1444 -28.5004 -3.9475 0.4810 70.6738 -0.0000 0.0000 -21.7270 -6.5020 4.9899 4.0352 -0.0000 -0.0000 -3.7321 -6.0506 2.8040 30.7054 -0.0000 0.0000 -28.1324 -5.6160 1.1093 -2.6895 0.0000 0.0000 -2.3124 4.3318 1.4446 12.1641 2.3566 0.4935 1.9686 4.6505 -6.4395 2.9963 2.3297 2.5694 21.3526 13.4166 -4.2330 -11.2436 -44.4420 -78.2075 -0.0000 -8.9934 -0.0000 -3.9363 3.6770 -19.5951 0.0000 0.0000 -0.0000 0.0000 0.0000 -0.0000 13.9632 -17.0014 3.6805 -21.8953 41.1401 78.1020 -0.0002 35.9755 0.0000 -24.6404 2.2553 -0.0976 -0.0000 -0.0000 0.0000 -0.0000 -0.0000 0.0000
 6.3960 32.0121 24.1568 4.7545 39.3076 -8.6991 -28.0869 -3.6130 -0.2404 67.7904 -0.0000 0.0000 -21.8869 -5.7680 5.1202 3.7531 0.0000 -0.0000 -2.5563 -6.2766 2.3030 29.8424 -0.0000 -0.0000 -26.7674 -5.6392 1.6261 -3.1632 -0.0000 0.0000 -2.3140 4.2423 1.3454 12.4963 2.2055 0.2794 1.8561 4.7523 -6.4102 3.4455 2.4319 2.3714 21.1010 13.4783 -4.0467 -10.9049 -44.0631 -78.5483 -0.0000 -8.7927 -0.0000 -4.0397 3.6629 -19.6171 0.0000 0.0000 0.0000 0.0000 0.0000 0.0000 13.6942 -16.8802 3.2693 -21.7459 40.8796 78.2067 -0.0002 37.7206 0.0001 -25.3406 3.3474 -0.1718 0.0000 -0.0000 0.0000 0.0000 -0.0000 0.0000
 6.6170 32.1726 24.3426 5.0560 39.8732 -8.8823 -28.1106 -3.1807 -0.4236 64.8815 -0.0000 0.0000 -21.9812 -5.1914 5.5149 3.5969 0.0000 0.0000 -1.9769 -6.3190 2.2384 29.2310 -0.0000 0.0000 -25.1725 -5.7739 1.7798 -4.1587 0.0000 0.0000 -2.3233 4.3055 1.3119 12.2234 2.2620 0.2519 2.0032 4.6534 -6.4453 3.5727 2.4668 2.4400 21.2119 13.6222 -3.9806 -10.7349 -44.0657 -78.6177 -0.0000 -8.6861 -0.0000 -4.2844 4.0158 -19.8428 -0.0000 -0.0000 0.0000 -0.0000 -0.0000 0.0000 13.7045 -17.1108 3.2607 -21.4374 40.7004 77.9652 -0.0002 39.4892 0.0001 -25.7927 4.0625 0.4995 0.0000 -0.0000 -0.0000 0.0000 -0.0000 -0.0000
 6.8938 32.3258 24.5215 5.0488 40.4896 -8.6118 -27.6469 -2.7884 -1.0011 61.6942 -0.0000 0.0000 -22.2620 -4.4881 5.9943 4.0579 0.0000 0.0000 -1.1829 -6.7232 1.7192 28.7235 0.0000 0.0000 -23.5402 -5.4500 1.9997 -5.4114 0.0000 -0.0000 -2.4014 4.2923 1.2316 12.3844 2.2094 0.1029 1.9354 4.7086 -6.3818 4.1039 2.4918 2.1095 21.0217 13.5199 -3.7803 -10.5544 -43.6568 -78.9791 -0.0000 -8.2992 -0.0000 -4.4031 3.7343 -19.6680 -0.0000 0.0000 -0.0000 -0.0000 0.0000 -0.0000 13.5135 -17.1375 2.9538 -21.2432 40.3893 78.0031 -0.0002 40.8391 0.0001 -26.1766 5.0886 0.9460 0.0000 0.0000 -0.0000 0.0000 0.0000 -0.0000
 7.1338 32.4691 24.7202 5.3359 41.0477 -8.7843 -27.3659 -2.2859 -1.1805 58.4575 -0.0000 0.0000 -22.5428 -3.6911 6.4216 4.0343 0.0000 0.0000 -0.6656 -6.9787 1.5779 28.2967 0.0000 0.0000 -21.9881 -5.3600 2.4779 -6.4934 0.0000 -0.0000 -2.4831 4.3080 1.1880 12.1789 2.2209 0.0784 2.0895 4.6551 -6.4484 4.1421 2.5687 2.2238 21.1765 13.6192 -3.6784 -10.4426 -43.4852 -79.0718 -0.0000 -8.2992 -0.0000 -4.5836 4.0469 -19.6992 -0.0000 -0.0000 0.0000 -0.0000 -0.0000 0.0000 13.4599 -17.3141 2.9381 -20.8644 40.1887 77.8001 -0.0002 42.2226 0.0001 -26.8461 5.8733 1.6354 -0.0000 0.0000 0.0000 -0.0000 0.0000 0.0000
 7.4195 32.6082 24.9223 5.3437 41.6561 -8.5785 -26.6059 -1.7424 -1.6442 54.9035 0.0000 -0.0000 -22.8903 -2.7882 6.9314 4.2586 -0.0000 -0.0000 0.1023 -7.3690 1.1518 27.8623 -0.0000 0.0000 -20.3936 -5.0565 2.6319 -7.8311 0.0000 0.0000 -2.7382 4.2785 1.0766 12.5366 2.1799 0.0016 1.9860 4.7534 -6.3848 4.6106 2.5882 2.0294 20.8277 13.5406 -3.4163 -10.3604 -42.9073 -79.5114 -0.0000 -7.8646 -0.0000 -4.9146 3.7046 -19.6487 -0.0000 -0.0000 -0.0000 -0.0000 -0.0000 -0.0000 13.3002 -17.2533 2.6901 -20.7286 39.6848 77.8897 -0.0002 43.1906 0.0001 -27.4944 6.7969 2.2918 0.0000 0.0000 -0.0000 0.0000 0.0000 -0.0000
 7.6679 32.7289 25.1201 5.5869 42.1800 -8.7170 -26.0652 -1.1012 -1.7661 51.4094 0.0000 0.0000 -23.2241 -2.1719 7.3481 4.3858 0.0000 0.0000 0.5099 -7.6630 0.9666 27.7277 0.0000 0.0000 -18.9600 -4.8517 3.1088 -8.5483 0.0000 -0.0000 -2.8037 4.2828 1.0221 12.3147 2.1830 -0.0146 2.1578 4.7330 -6.4807 4.6278 2.6992 2.2027 20.9984 13.5862 -3.3296 -10.2849 -42.6342 -79.5437 -0.0000 -7.9230 -0.0000 -5.1341 4.1114 -19.7952 0.0000 -0.0000 -0.0000 0.0000 -0.0000 -0.0000 13.2427 -17.4027 2.6486 -20.4008 39.4668 77.8052 -0.0002 44.0844 0.0001 -28.3250 7.3742 3.0028 0.0000 -0.0000 -0.0000 0.0000 -0.0000 -0.0000
 7.9328 32.8362 25.3151 5.7408 42.7730 -8.7472 -25.3302 -0.2740 -1.9968 47.6438 -0.0000 0.0000 -23.5241 -1.2572 7.2737 4.5177 0.0000 0.0000 0.9487 -8.1002 0.6903 27.7051 -0.0000 0.0000 -17.5455 -4.5734 3.4885 -9.5739 0.0000 0.0000 -2.9234 4.2559 0.9676 12.2988 2.1537 -0.0389 2.1813 4.7776 -6.5203 4.8544 2.7383 2.2070 20.9496 13.5486 -3.1719 -10.2214 -42.2757 -79.6942 -0.0000 -7.8276 -0.0000 -5.3193 4.2489 -19.8834 -0.0000 0.0000 0.0000 -0.0000 0.0000 0.0000 13.0480 -17.4421 2.4487 -20.0627 39.0402 77.8774 -0.0002 44.7347 0.0001 -29.1203 7.8737 3.7505 0.0000 0.0000 -0.0000 0.0000 0.0000 -0.0000
 8.2081 32.9286 25.5119 5.7320 43.3124 -8.6330 -24.3569 0.5819 -2.2503 43.9974 0.0000 0.0000 -23.5855 -0.5433 7.4872 4.2407 -0.0000 0.0000 1.3721 -8.5028 0.3439 27.9224 -0.0000 0.0000 -16.1974 -4.2024 3.8683 -10.4868 -0.0000 0.0000 -3.0306 4.2332 0.8884 12.4170 2.1319 -0.0583 2.1536 4.8523 -6.5523 5.1251 2.7858 2.1738 20.8690 13.5010 -3.0381 -10.2829 -41.7949 -79.9015 -0.0000 -7.5878 -0.0000 -5.6204 4.0565 -20.0245 0.0000 0.0000 0.0000 0.0000 0.0000 0.0000 12.9543 -17.3671 2.2618 -19.9222 38.4709 78.0488 -0.0002 45.1537 0.0001 -29.8023 8.1011 4.3475 0.0000 -0.0000 0.0000 0.0000 -0.0000 0.0000
 8.4508 32.9959 25.7014 5.9911 43.5727 -8.9027 -23.6977 1.6114 -2.1779 40.6780 0.0000 0.0000 -23.6475 0.0861 7.9537 4.4910 -0.0000 -0.0000 1.3102 -8.6139 0.2311 28.5433 -0.0000 0.0000 -14.9081 -4.0407 4.2405 -11.9705 0.0000 0.0000 -3.0725 4.2930 0.8977 12.0899 2.2030 -0.0239 2.0995 4.9892 -6.5526 5.5356 2.8590 2.1224 20.7430 13.7411 -2.8928 -10.2660 -41.7136 -80.0978 -0.0000 -7.3200 -0.0000 -5.5136 4.1679 -20.3095 0.0000 0.0000 0.0000 0.0000 0.0000 0.0000 13.0399 -17.4676 2.1701 -19.8762 38.4031 78.1684 -0.0002 45.2976 0.0001 -30.9327 8.2168 4.9550 -0.0000 0.0000 0.0000 -0.0000 0.0000 0.0000
 8.7548 33.0444 25.9142 5.5522 44.1752 -8.4380 -22.2709 2.4630 -2.5281 37.3698 0.0000 -0.0000 -23.3273 0.8102 8.4232 4.3139 0.0000 0.0000 1.8686 -9.2215 -0.2578 29.2136 -0.0000 0.0000 -13.8024 -3.5534 4.7517 -13.0909 0.0000 -0.0000 -3.0988 4.2286 0.7709 12.4932 2.1493 -0.0158 1.9786 5.1948 -6.5668 5.8014 2.8751 2.0825 20.4938 13.5930 -2.6760 -10.2285 -41.2258 -80.2937 -0.0000 -7.2906 -0.0000 -5.4481 4.4088 -20.6154 -0.0000 -0.0000 0.0000 -0.0000 -0.0000 0.0000 12.6568 -17.3580 1.8741 -19.4740 37.8481 78.3597 -0.0002 45.5328 0.0001 -31.3973 7.8609 5.3043 0.0000 0.0000 -0.0000 0.0000 0.0000 -0.0000
 9.0030 33.0684 26.1137 5.7681 44.4629 -8.7162 -21.6207 3.6204 -2.4425 34.6831 -0.0000 0.0000 -22.9995 1.5454 8.7828 4.4804 -0.0000 0.0000 1.5645 -9.3356 -0.3880 30.4272 -0.0000 0.0000 -12.6800 -3.2556 4.8700 -14.5630 0.0000 -0.0000 -3.1482 4.2557 0.7902 12.1616 2.1902 0.0331 2.0643 5.2814 -6.6254 5.8734 3.0064 2.1585 20.4798 13.7309 -2.5874 -10.2049 -41.2591 -80.2950 -0.0000 -7.1324 -0.0000 -5.4657 4.5577 -21.0044 -0.0000 -0.0000 0.0000 -0.0000 -0.0000 0.0000 12.8697 -17.4234 1.9137 -19.4366 37.7983 78.3918 -0.0002 45.4275 0.0001 -31.9801 7.8102 5.5911 0.0000 -0.0000 0.0000 0.0000 -0.0000 0.0000
 9.2672 33.0688 26.3119 5.8689 44.7970 -8.8938 -20.9633 4.5910 -2.4047 32.4924 -0.0000 0.0000 -22.5729 2.2833 8.7181 4.5192 0.0000 -0.0000 1.2765 -9.4869 -0.5942 31.8327 -0.0000 0.0000 -11.8806 -3.0367 5.6530 -15.1570 0.0000 0.0000 -3.2082 4.2635 0.8198 11.9268 2.2130 0.0892 2.1534 5.3697 -6.6828 5.9481 3.1354 2.2460 20.4702 13.7569 -2.5033 -10.2209 -41.3642 -80.3191 -0.0000 -6.9586 -0.0000 -5.1232 4.6503 -21.0302 0.0000 -0.0000 0.0000 0.0000 -0.0000 0.0000 13.0358 -17.4584 1.9155 -19.3467 37.6895 78.4167 -0.0002 45.2148 0.0001 -31.8894 7.4295 5.7692 0.0000 0.0000 0.0000 0.0000 0.0000 0.0000
 9.5712 33.0428 26.5324 5.2632 45.2816 -8.4046 -19.6702 5.5683 -2.5770 30.5440 -0.0000 0.0000 -22.0607 2.8366 9.0536 4.3708 -0.0000 0.0000 1.4919 -9.6785 -1.0302 33.3947 -0.0000 -0.0000 -11.1094 -2.6166 6.1339 -15.9063 -0.0000 -0.0000 -3.1665 4.2494 0.7686 12.2851 2.2145 0.1267 2.2546 5.4316 -6.8804 5.6311 3.1463 2.4338 20.6325 13.5750 -2.4378 -10.4707 -41.6321 -80.2475 -0.0000 -6.9911 -0.0000 -5.1193 5.0404 -21.3467 0.0000 0.0000 0.0000 0.0000 0.0000 0.0000 12.8371 -17.4341 1.6723 -19.1459 37.3478 78.6807 -0.0002 44.8838 0.0001 -31.8261 7.2889 5.7451 -0.0000 0.0000 0.0000 -0.0000 0.0000 0.0000
 9.8260 32.9916 26.7312 5.3215 45.5256 -8.5754 -19.1921 6.5254 -2.4361 29.3040 -0.0000 -0.0000 -21.6900 3.2573 9.0911 4.2010 0.0000 0.0000 0.8994 -9.4157 -1.2220 35.4009 -0.0000 0.0000 -10.2943 -2.2985 6.3613 -16.8645 -0.0000 -0.0000 -3.1783 4.2420 0.7609 12.0745 2.2222 0.1825 2.0492 5.6880 -6.7569 5.9807 3.2184 2.3420 20.2687 13.7221 -2.2844 -10.2265 -41.7878 -80.2409 -0.0000 -6.9375 -0.0000 -4.9957 5.1673 -21.4908 0.0000 -0.0000 -0.0000 0.0000 -0.0000 -0.0000 12.8193 -17.4722 1.7351 -18.8909 37.4599 78.6056 -0.0002 44.4055 0.0001 -31.6566 7.0024 5.6850 0.0000 -0.0000 -0.0000 0.0000 -0.0000 -0.0000
 10.0873 32.9153 26.9320 5.3150 45.7895 -8.6867 -18.7142 7.3101 -2.3262 28.4128 -0.0000 0.0000 -21.3607 3.5565 9.4257 4.0101 -0.0000 -0.0000 0.3041 -9.0243 -1.4218 37.5377 -0.0000 0.0000 -9.7190 -2.0234 6.8608 -17.0584 -0.0000 -0.0000 -3.1999 4.2206 0.7583 11.9009 2.2153 0.2374 1.9908 5.8849 -6.6909 6.0205 3.3498 2.3054 20.1113 13.7730 -2.1662 -10.2280 -41.8494 -80.2298 -0.0000 -6.8314 -0.0000 -4.6123 5.1988 -21.8718 0.0000 -0.0000 0.0000 0.0000 -0.0000 0.0000 12.9103 -17.4691 1.7880 -18.7155 37.5563 78.5603 -0.0002 43.8099 0.0001 -31.5434 6.9830 5.6683 0.0000 0.0000 -0.0000 0.0000 0.0000 -0.0000
 10.3869 32.8082 27.1566 4.5895 46.1935 -8.1306 -17.6212 7.9408 -2.3799 27.7708 0.0000 0.0000 -21.0549 3.5280 9.8003 3.9869 0.0000 0.0000 0.3085 -8.6692 -1.8072 39.6513 0.0000 -0.0000 -9.3070 -1.6488 7.7048 -17.1299 0.0000 -0.0000 -3.0401 4.1463 0.6329 12.0825 2.1771 0.3532 2.1755 5.9572 -6.8372 5.5423 3.4975 2.4247 20.3365 13.7815 -2.1347 -10.6362 -42.3512 -80.2466 -0.0000 -6.7593 -0.0000 -4.5053 5.4495 -21.8039 -0.0000 -0.0000 -0.0000 -0.0000 -0.0000 -0.0000 13.0657 -17.4194 1.6418 -18.8248 37.6140 78.7609 -0.0002 42.8922 0.0001 -31.1475 6.9728 5.8951 0.0000 -0.0000 0.0000 0.0000 -0.0000 0.0000
 10.6483 32.6804 27.3573 4.5540 46.4808 -8.2182 -17.2632 8.3465 -2.2030 27.5136 -0.0000 0.0000 -20.5064 3.2079 9.7557 3.6850 -0.0000 0.0000 -0.4815 -8.2482 -2.0414 42.2260 -0.0000 0.0000 -8.9878 -1.1902 7.9491 -16.5527 0.0000 0.0000 -3.0455 4.1022 0.6101 11.9641 2.1449 0.3984 1.9126 6.2288 -6.6979 5.7272 3.5548 2.3255 20.0766 13.7901 -2.0684 -10.4808 -42.4041 -80.0732 -0.0000 -6.8260 -0.0000 -4.4178 5.5357 -21.7518 -0.0000 -0.0000 0.0000 -0.0000 -0.0000 0.0000 12.9547 -17.4367 1.7801 -18.3558 37.7659 78.5427 -0.0002 42.2162 0.0001 -30.8527 6.7083 5.8228 -0.0000 -0.0000 -0.0000 -0.0000 -0.0000 -0.0000
 10.9117 32.5247 27.5566 4.4731 46.7937 -8.2521 -16.9188 8.3653 -2.0758 27.4852 0.0000 0.0000 -19.6625 2.7220 9.4051 3.2558 0.0000 0.0000 -1.2216 -7.7014 -2.2696 44.8141 0.0000 -0.0000 -8.7216 -0.8173 8.7521 -15.9188 0.0000 0.0000 -3.0443 4.0480 0.5791 11.8474 2.1032 0.4459 1.7944 6.4248 -6.5813 5.6407 3.6507 2.2077 19.8423 13.7491 -1.9533 -10.4171 -42.5339 -79.9391 -0.0000 -6.8376 -0.0000 -4.0816 5.5364 -21.9567 0.0000 0.0000 -0.0000 0.0000 0.0000 -0.0000 12.9513 -17.4110 1.8714 -17.9474 37.9518 78.3513 -0.0002 41.4336 0.0001 -30.8304 6.7641 5.7689 -0.0000 -0.0000 -0.0000 -0.0000 -0.0000 -0.0000
 11.2211 32.3454 27.7813 3.6758 47.4458 -7.5240 -15.8439 8.1120 -2.2850 27.5299 0.0000 0.0000 -18.6239 2.0451 7.8553 4.0609 -0.0000 0.0000 -1.2267 -7.5520 -2.8080 47.1772 -0.0000 0.0000 -8.4182 -0.1760 9.7692 -15.1290 0.0000 0.0000 -2.7512 3.8171 0.2980 11.9647 1.9258 0.6169 1.6771 6.5778 -6.6299 5.4741 3.7984 2.1878 20.0064 13.8372 -2.0728 -10.7482 -43.2040 -79.7837 -0.0000 -6.6706 -0.0000 -4.1566 5.3256 -21.5982 -0.0000 -0.0000 -0.0000 -0.0000 -0.0000 -0.0000 12.8862 -17.4364 1.8545 -17.5268 38.2383 78.1863 -0.0002 40.5082 0.0001 -30.7442 6.6579 5.8297 -0.0000 -0.0000 0.0000 -0.0000 -0.0000 0.0000
 11.4928 32.1389 27.9776 3.5723 47.7262 -7.5434 -15.5932 8.5478 -2.2104 28.5324 -0.0000 0.0000 -20.1648 1.1943 7.7679 8.7661 0.0000 0.0000 -2.0282 -7.0286 -3.0994 49.9132 -0.0000 0.0000 -8.2125 0.4629 10.6184 -14.1065 0.0000 -0.0000 -2.7779 3.7632 0.2849 11.8706 1.8857 0.6719 1.5536 6.7711 -6.5425 5.2906 3.8964 2.0886 19.8620 13.7412 -1.9764 -10.7746 -43.2040 -79.6280 -0.0000 -6.9206 -0.0000 -4.1589 5.6943 -21.6981 -0.0000 0.0000 -0.0000 -0.0000 0.0000 -0.0000 13.0287 -17.3607 1.9909 -17.1096 38.3776 77.8710 -0.0002 39.7456 0.0001 -30.8487 6.3496 5.7754 -0.0000 -0.0000 -0.0000 -0.0000 -0.0000 -0.0000
 11.7677 31.9095 28.1678 3.3858 48.2200 -7.4216 -15.6069 8.7214 -2.2988 30.4925 0.0000 -0.0000 -22.3723 -0.1408 8.9732 4.4854 0.0000 0.0000 -2.7571 -6.7086 -3.5009 52.6801 -0.0000 0.0000 -8.0073 1.1176 11.6090 -12.5388 -0.0000 0.0000 -2.7517 3.6232 0.2212 11.7822 1.7579 0.7208 1.7206 6.7958 -6.4407 4.5666 4.0839 1.9041 19.7540 13.5446 -1.8003 -11.0805 -43.3470 -79.7010 -0.0000 -6.7144 -0.0000 -4.0864 5.3080 -21.2624 0.0000 -0.0000 0.0000 0.0000 -0.0000 0.0000 13.1700 -17.3215 2.0500 -16.7690 38.5196 77.6634 -0.0002 38.7226 0.0001 -30.6968 6.2107 6.1794 0.0000 -0.0000 0.0000 0.0000 -0.0000 0.0000
 12.0440 31.6751 28.3489 3.2155 48.8753 -7.1820 -15.9409 8.0887 -2.6050 32.6591 -0.0000 0.0000 -23.6811 -0.6461 9.1791 6.7974 0.0000 0.0000 -3.4633 -6.5625 -4.0576 55.3639 -0.0000 0.0000 -8.0109 1.9136 12.3393 -9.9163 0.0000 -0.0000 -2.6309 3.4349 0.0664 11.6287 1.5701 0.7183 1.8384 6.7248 -6.3602 3.8479 4.2147 1.7465 19.7423 13.3289 -1.7810 -11.2590 -43.5824 -79.4475 -0.0000 -6.7761 -0.0000 -4.3541 5.1330 -20.8305 -0.0000 -0.0000 0.0000 -0.0000 -0.0000 0.0000 13.1601 -17.2980 2.2165 -16.0562 38.7495 77.2092 -0.0002 37.6492 0.0001 -30.8639 6.3502 6.4323 0.0000 0.0000 -0.0000 0.0000 0.0000 -0.0000
 12.3304 31.4397 28.5086 3.0751 49.4314 -6.7599 -16.4649 6.9791 -3.2507 35.1364 -0.0000 0.0000 -25.3036 0.3776 8.5260 5.6165 0.0000 0.0000 -4.2838 -6.2715 -4.8465 58.0258 -0.0000 0.0000 -8.0762 2.7458 13.0403 -6.9176 0.0000 0.0000 -2.5013 3.3034 -0.1615 11.4462 1.4140 0.6017 1.9745 6.6027 -6.3065 3.1685 4.4051 1.5520 19.9685 13.1122 -1.9581 -11.6953 -43.8498 -79.0501 -0.0000 -6.7278 -0.0000 -4.6244 4.9067 -20.6446 -0.0000 0.0000 -0.0000 -0.0000 0.0000 -0.0000 13.4717 -17.2561 2.5517 -15.5824 38.8426 76.6755 -0.0002 36.5416 0.0001 -30.9405 6.2401 6.8079 0.0000 0.0000 -0.0000 0.0000 0.0000 -0.0000
 12.5930 31.2175 28.6381 3.1146 49.9540 -6.2272 -17.1291 5.9417 -4.2276 37.5219 -0.0000 0.0000 -26.3647 0.9763 8.8740 5.6934 -0.0000 -0.0000 -5.4378 -5.9000 -5.8730 60.8351 -0.0000 0.0000 -8.3779 3.6461 12.7738 -3.1397 -0.0000 0.0000 -2.3473 3.1819 -0.5371 11.3209 1.2284 0.3035 1.9972 6.4454 -6.1816 2.2671 4.6722 1.3005 20.1364 13.0351 -2.3101 -12.2047 -44.3045 -78.4251 -0.0000 -6.5917 -0.0000 -5.1192 4.5899 -20.2889 0.0000 0.0000 -0.0000 0.0000 0.0000 -0.0000 13.5889 -17.2991 2.9809 -15.1022 39.1014 76.1627 -0.0001 35.2331 0.0000 -31.0996 6.0257 7.1929 -0.0000 -0.0000 0.0000 -0.0000 -0.0000 0.0000
 12.8340 31.0112 28.7656 3.4409 50.7871 -6.0696 -17.9749 4.9843 -5.0618 39.8685 -0.0000 0.0000 -27.3732 1.2740 9.4669 5.3866 -0.0000 0.0000 -6.7661 -5.8500 -6.6992 63.5939 -0.0000 0.0000 -8.8820 4.4895 11.6271 1.2047 -0.0000 0.0000 -2.3216 2.9630 -0.8113 11.3196 0.9612 0.0907 1.7315 6.3273 -6.1623 1.6792 4.8121 1.2561 20.2733 12.9216 -2.6828 -12.9597 -44.9786 -77.8159 -0.0000 -6.2751 -0.0000 -5.6051 3.9925 -19.8421 -0.0000 -0.0000 0.0000 -0.0000 -0.0000 0.0000 13.8976 -17.4381 3.4549 -14.8881 39.3865 75.7161 -0.0001 33.8687 0.0000 -31.0460 5.5742 7.2330 -0.0000 0.0000 -0.0000 -0.0000 0.0000 -0.0000
 13.0772 30.8242 28.8982 3.8180 51.7563 -5.9429 -18.4435 4.5311 -5.7589 41.5791 0.0000 -0.0000 -28.3568 1.0014 9.6221 5.1834 0.0000 -0.0000 -8.0446 -5.8037 -7.4470 66.2350 -0.0000 0.0000 -9.6823 4.8480 9.9034 1.8349 0.0000 -0.0000 -2.3474 2.7268 -1.0917 11.3805 0.6721 -0.1366 1.4320 6.1871 -6.1417 1.1544 4.9189 1.2590 20.5121 12.7510 -3.0445 -13.9720 -45.5625 -77.2453 -0.0000 -5.9267 -0.0000 -6.0566 3.4591 -19.2629 -0.0000 -0.0000 -0.0000 -0.0000 -0.0000 -0.0000 14.2773 -17.4963 3.8990 -14.7084 39.3194 75.4113 -0.0001 32.4880 0.0000 -30.9234 5.2544 7.2867 0.0000 0.0000 0.0000 0.0000 0.0000 0.0000
 13.3168 30.6566 29.0503 4.1027 52.7722 -6.0020 -18.6215 4.2900 -6.1223 42.9215 0.0000 0.0000 -29.4185 0.4875 9.9139 5.1310 -0.0000 0.0000 -9.1255 -5.6237 -7.7706 68.6019 -0.0000 0.0000 -10.7604 4.1497 9.4070 -0.9919 -0.0000 0.0000 -2.3510 2.5057 -1.2216 11.4539 0.4220 -0.2553 1.2295 6.0309 -6.1368 0.5091 4.9739 1.3082 20.6431 12.5803 -3.3286 -15.0557 -45.9542 -76.8128 -0.0000 -5.6399 -0.0000 -6.2061 3.0624 -18.5214 0.0000 -0.0000 -0.0000 0.0000 -0.0000 -0.0000 14.5300 -17.5650 4.2228 -14.2360 39.2490 75.0921 -0.0001 31.2054 0.0000 -30.7332 4.7300 7.2282 -0.0000 -0.0000 -0.0000 -0.0000 -0.0000 -0.0000
 13.5633 30.5152 29.2201 4.2594 53.7926 -6.1656 -18.5872 3.9029 -6.2706 44.0398 0.0000 0.0000 -30.4579 0.0269 9.9868 5.1470 -0.0000 -0.0000 -10.0288 -5.5071 -7.8459 70.7136 -0.0000 0.0000 -12.0304 2.9267 9.0829 -1.2329 0.0000 0.0000 -2.3388 2.3513 -1.2362 11.5035 0.2638 -0.2619 1.0343 5.9463 -6.1063 0.2279 4.8908 1.3403 20.6265 12.2046 -3.4802 -16.0973 -45.7512 -76.5225 -0.0000 -5.6055 -0.0000 -6.3919 2.9271 -17.4632 -0.0000 -0.0000 0.0000 -0.0000 -0.0000 0.0000 14.9458 -17.6187 4.5601 -13.7901 39.0068 74.8051 -0.0001 29.8388 0.0000 -30.4525 4.1581 7.0611 0.0000 -0.0000 0.0000 0.0000 -0.0000 0.0000
 13.7994 30.3966 29.3780 4.5422 54.6786 -6.5041 -18.5693 3.3996 -6.3731 44.9335 -0.0000 0.0000 -31.3632 -0.2822 10.0025 5.1321 0.0000 0.0000 -11.1397 -5.2428 -7.7530 72.7868 -0.0000 0.0000 -13.1376 1.5528 8.1936 1.1776 -0.0000 -0.0000 -2.3428 2.2450 -1.1553 11.5136 0.1554 -0.2565 0.9106 5.7545 -6.2029 -0.2070 4.9345 1.4400 20.7605 12.1947 -3.8298 -17.3509 -46.5483 -76.2170 -0.0000 -5.3639 -0.0000 -6.3643 2.4328 -16.2655 0.0000 -0.0000 -0.0000 0.0000 -0.0000 -0.0000 15.0348 -17.6956 4.6007 -13.2360 38.7347 74.8231 -0.0001 28.2706 0.0000 -30.1395 3.6975 6.8655 0.0000 0.0000 -0.0000 0.0000 0.0000 -0.0000
 14.0509 30.3091 29.5471 4.6483 55.5292 -6.6914 -18.2989 2.7463 -6.5112 45.5532 0.0000 0.0000 -32.1116 -0.4457 9.9409 5.0362 0.0000 0.0000 -12.0978 -4.9785 -7.6301 74.5345 -0.0000 0.0000 -14.3025 0.0863 7.0889 0.7669 -0.0000 -0.0000 -2.3197 2.2075 -1.1211 11.4890 0.1214 -0.2395 0.9604 5.5888 -6.0860 -0.5075 4.9143 1.2472 20.6033 11.9124 -3.9062 -18.4143 -46.2510 -76.1746 -0.0000 -5.5616 -0.0000 -5.9762 2.3985 -14.7071 -0.0000 -0.0000 -0.0000 -0.0000 -0.0000 -0.0000 15.3575 -17.7376 4.7873 -12.5859 38.6587 74.5926 -0.0001 26.6958 0.0000 -29.9830 3.2050 6.6352 -0.0000 0.0000 -0.0000 -0.0000 0.0000 -0.0000
 14.3140 30.2465 29.7117 4.7216 56.1824 -6.8583 -17.8146 2.1625 -6.6319 45.7726 0.0000 0.0000 -32.8848 -0.4586 9.5405 5.3190 0.0000 0.0000 -13.1205 -4.5728 -7.4792 76.1230 -0.0000 -0.0000 -15.4304 -1.2786 5.6616 0.4141 0.0000 -0.0000 -2.2890 2.2399 -1.0594 11.4603 0.1553 -0.2335 0.9561 5.5193 -6.1378 -0.7654 4.9011 1.3780 20.4411 11.8202 -4.0397 -19.6421 -45.7489 -76.3125 -0.0000 -5.9406 -0.0000 -5.3510 2.4012 -13.1691 -0.0000 0.0000 -0.0000 -0.0000 0.0000 -0.0000 15.4897 -17.8000 4.8656 -11.6848 38.7736 74.3109 -0.0001 25.0804 0.0000 -29.9245 2.7457 6.7511 -0.0000 0.0000 -0.0000 -0.0000 0.0000 -0.0000
 14.5749 30.2114 29.8783 4.7164 56.9211 -7.0351 -17.2939 1.5130 -6.6968 46.0001 -0.0000 0.0000 -33.3048 -0.4536 10.0658 4.9995 0.0000 0.0000 -14.0446 -4.2256 -7.1891 77.3849 0.0000 0.0000 -16.4715 -2.4301 4.1941 0.6220 0.0000 0.0000 -2.2226 2.2781 -0.9196 11.4516 0.1951 -0.2216 1.0019 5.3318 -6.1742 -0.9207 4.8918 1.4113 20.4879 11.6497 -4.1868 -20.8853 -45.6788 -76.3457 -0.0000 -6.5219 -0.0000 -5.2420 2.4482 -11.2245 0.0000 -0.0000 -0.0000 0.0000 -0.0000 -0.0000 15.4375 -17.8788 4.8739 -10.5718 38.7810 74.1074 -0.0001 23.6001 0.0000 -29.8088 2.0247 6.5206 0.0000 0.0000 0.0000 0.0000 0.0000 0.0000
 14.8473 30.2024 30.0475 4.7789 57.3925 -7.1601 -16.5676 1.1264 -6.7200 45.7757 -0.0000 0.0000 -33.7426 -0.5867 9.7082 5.1859 0.0000 0.0000 -15.0649 -3.6655 -6.9600 78.4074 0.0000 0.0000 -17.4732 -3.3188 2.7107 0.2373 0.0000 -0.0000 -2.2131 2.3537 -0.9009 11.3570 0.2661 -0.2451 1.0502 5.3068 -6.1162 -0.8581 4.9485 1.3339 20.3272 11.7311 -4.2843 -22.0648 -44.9961 -76.6542 -0.0000 -7.2543 -0.0000 -4.8328 2.1966 -9.4742 -0.0000 0.0000 -0.0000 -0.0000 0.0000 -0.0000 15.6318 -17.8537 4.9405 -9.5750 39.1486 73.7721 -0.0001 22.0354 0.0000 -29.6853 1.2266 6.7172 0.0000 -0.0000 -0.0000 0.0000 -0.0000 -0.0000
 15.1261 30.2229 30.2230 4.7210 58.0385 -7.2204 -15.6066 0.6781 -6.7002 45.2503 -0.0000 0.0000 -33.9755 -0.7596 9.7192 5.0652 -0.0000 0.0000 -15.9223 -3.3015 -6.7100 79.1080 -0.0000 0.0000 -18.3904 -3.7663 0.9355 0.9047 -0.0000 -0.0000 -2.2057 2.3576 -0.8387 11.4214 0.2611 -0.2725 1.1449 5.2147 -6.1597 -1.0016 5.0403 1.4738 20.4621 11.6763 -4.3937 -23.2903 -44.3392 -76.7991 -0.0000 -8.4554 -0.0000 -4.3897 2.1238 -7.7656 0.0000 0.0000 0.0000 0.0000 0.0000 0.0000 15.6814 -17.8177 5.0057 -8.4801 39.3759 73.4662 -0.0001 20.6101 0.0000 -29.2575 0.3027 7.0192 -0.0000 0.0000 -0.0000 -0.0000 0.0000 -0.0000
 15.4015 30.2628 30.3952 4.8985 58.4909 -7.4047 -14.7115 0.4198 -6.6440 44.5727 -0.0000 0.0000 -34.0394 -1.0838 9.5433 4.8359 -0.0000 -0.0000 -16.9083 -2.6973 -6.4316 79.5121 -0.0000 -0.0000 -19.2920 -4.0729 -0.3095 0.5176 -0.0000 0.0000 -2.2075 2.4079 -0.8679 11.2597 0.3053 -0.3038 1.1423 5.2578 -6.1754 -0.7323 5.0940 1.5699 20.4292 11.8489 -4.3771 -24.3923 -43.5874 -77.2170 -0.0000 -9.7498 -0.0000 -4.1188 1.6811 -6.2668 -0.0000 -0.0000 0.0000 -0.0000 -0.0000 0.0000 15.8078 -17.8643 5.0272 -7.4096 39.8842 73.1729 -0.0001 19.1278 0.0000 -28.5123 -0.6898 7.6285 -0.0000 0.0000 -0.0000 -0.0000 0.0000 -0.0000
 15.6905 30.3322 30.5805 4.9058 59.1652 -7.4879 -13.5489 0.1762 -6.4988 43.6342 -0.0000 -0.0000 -33.9384 -1.5561 9.4951 4.7254 0.0000 0.0000 -17.6320 -2.3071 -6.1172 79.5289 0.0000 0.0000 -20.1546 -4.2073 -1.1377 0.7589 0.0000 -0.0000 -2.2671 2.3141 -0.8710 11.3696 0.2068 -0.3070 1.2288 5.2663 -6.2419 -0.8120 5.2227 1.6883 20.4004 11.8744 -4.3428 -25.1101 -42.5380 -77.3538 -0.0000 -11.7701 -0.0000 -3.6839 1.6753 -5.0143 -0.0000 -0.0000 -0.0000 -0.0000 -0.0000 -0.0000 15.9159 -17.8265 5.0918 -6.3577 40.3597 72.8332 -0.0001 17.8411 0.0000 -27.6693 -1.8183 8.0080 0.0000 -0.0000 -0.0000 0.0000 -0.0000 -0.0000
 15.9758 30.4150 30.7566 5.1949 59.6240 -7.7619 -12.4715 0.0162 -6.3748 42.4967 -0.0000 0.0000 -33.7201 -1.9089 9.1965 4.4650 0.0000 -0.0000 -18.5852 -1.7730 -5.8351 79.3796 -0.0000 -0.0000 -20.9881 -4.1306 -1.9090 0.9742 0.0000 -0.0000 -2.2991 2.3316 -0.9119 11.1368 0.2182 -0.3350 1.2402 5.3543 -6.2769 -0.4111 5.3105 1.8092 20.4620 12.0949 -4.2276 -25.9256 -41.9145 -77.7376 -0.0001 -13.5845 -0.0000 -5.4553 0.5994 -4.7521 -0.0000 0.0000 0.0000 -0.0000 0.0000 0.0000 15.9894 -17.9642 5.0204 -5.2664 40.9560 72.6422 -0.0001 16.4956 0.0000 -26.5044 -2.8468 8.9704 0.0000 -0.0000 -0.0000 0.0000 -0.0000 -0.0000
 16.2851 30.5289 30.9555 5.0861 60.3735 -7.8084 -11.0210 -0.3012 -6.1029 41.1369 -0.0000 0.0000 -33.2842 -2.4248 8.9348 3.9854 -0.0000 0.0000 -19.0616 -1.5585 -5.4896 78.7392 -0.0000 0.0000 -21.7879 -3.9331 -2.5011 1.0856 0.0000 -0.0000 -2.4083 2.1400 -0.8907 11.3760 0.0377 -0.2594 1.2567 5.4884 -6.3850 -0.2803 5.4638 1.9113 20.1800 12.0571 -4.0446 -26.0201 -40.6369 -77.8173 -0.0001 -16.1560 -0.0000 -5.7632 0.3864 -4.2702 -0.0000 -0.0000 0.0000 -0.0000 -0.0000 0.0000 16.1132 -17.9396 5.0450 -4.2734 41.4979 72.2845 -0.0001 15.4685 0.0000 -25.2065 -4.1591 9.8337 0.0000 0.0000 -0.0000 0.0000 0.0000 -0.0000
 16.5767 30.6448 31.1316 5.4681 60.8233 -8.1677 -9.8389 -0.4892 -5.9356 39.6873 0.0000 -0.0000 -32.7892 -2.7739 8.7431 3.8194 0.0000 0.0000 -19.9407 -1.0010 -5.1394 78.0414 -0.0000 0.0000 -22.5544 -3.7218 -2.7203 1.3585 -0.0000 -0.0000 -2.4278 2.1376 -0.9470 11.0667 0.0294 -0.2890 1.3346 5.5594 -6.3471 -0.0512 5.5854 1.9430 20.2748 12.3347 -3.8669 -26.5499 -40.1737 -78.1259 -0.0001 -18.4013 -0.0000 -6.6579 -0.1872 -4.3893 -0.0000 0.0000 -0.0000 -0.0000 0.0000 -0.0000 16.0700 -18.1943 4.9229 -3.1349 42.0817 72.1465 -0.0001 14.2706 0.0000 -23.5394 -4.9666 10.9261 -0.0000 0.0000 -0.0000 -0.0000 0.0000 -0.0000
 16.9041 30.7859 31.3480 5.0616 61.6381 -8.1621 -8.0929 -0.9074 -5.3957 38.0952 -0.0000 0.0000 -32.2379 -3.3302 8.2075 3.5500 0.0000 0.0000 -20.0325 -0.9267 -4.5334 76.7431 0.0000 -0.0000 -23.2542 -3.7248 -2.7703 1.4748 -0.0000 0.0000 -2.4490 1.9035 -0.8143 11.3366 -0.1631 -0.0823 1.2137 5.7749 -6.4472 0.4091 5.6972 2.0139 19.7827 12.1956 -3.5383 -26.1297 -38.9096 -78.1914 -0.0001 -21.2439 -0.0000 -7.5399 -0.5586 -4.5293 0.0000 0.0000 -0.0000 0.0000 0.0000 -0.0000 16.1196 -18.1962 4.8554 -2.1293 42.4943 71.8550 -0.0000 13.3313 0.0000 -22.1402 -5.7586 11.7777 -0.0000 0.0000 0.0000 -0.0000 0.0000 0.0000
 17.2142 30.9321 31.5473 5.2453 62.2764 -8.5498 -6.6648 -1.3247 -4.9753 36.4197 0.0000 -0.0000 -31.5234 -3.7082 7.5719 3.5635 0.0000 0.0000 -20.5369 -0.7173 -4.0295 75.4035 -0.0000 0.0000 -23.7213 -3.6020 -3.3520 1.2858 -0.0000 -0.0000 -2.5530 1.7845 -0.7521 11.3844 -0.2675 0.0031 1.1284 5.9252 -6.4256 0.6239 5.7770 2.0296 19.4652 12.2665 -3.3347 -25.8270 -38.4071 -78.1380 -0.0001 -23.9296 -0.0000 -8.7446 -1.2879 -5.0349 -0.0000 0.0000 0.0000 -0.0000 0.0000 0.0000 15.9649 -18.4079 4.7763 -1.0077 42.7913 71.6318 -0.0000 12.5230 0.0000 -21.4642 -6.4093 12.4293 -0.0000 -0.0000 0.0000 -0.0000 -0.0000 0.0000
 17.5267 31.0869 31.7513 5.2789 62.9363 -8.8425 -5.1822 -1.7267 -4.4876 34.7718 -0.0000 0.0000 -30.5627 -4.1399 7.2057 2.8438 0.0000 0.0000 -20.8727 -0.5352 -3.4673 73.8013 -0.0000 0.0000 -24.1083 -3.6808 -3.7313 1.3159 0.0000 -0.0000 -2.5342 1.6601 -0.6940 11.2986 -0.3620 0.1417 1.0952 6.0471 -6.4336 0.8907 5.8686 2.1020 19.3989 12.2660 -3.2274 -25.5384 -38.0031 -77.9506 -0.0001 -26.7945 -0.0000 -9.9749 -1.4509 -5.6472 -0.0000 0.0000 -0.0000 -0.0000 0.0000 -0.0000 16.0179 -18.6112 4.7522 0.0719 43.1384 71.3556 -0.0000 11.7992 0.0000 -19.9265 -7.1196 13.2831 -0.0000 -0.0000 0.0000 -0.0000 -0.0000 0.0000
 17.8424 31.2457 31.9487 5.4412 63.6077 -9.1996 -3.8175 -2.2270 -4.0775 33.2405 0.0000 -0.0000 -29.4240 -4.4821 7.2188 2.0484 0.0000 0.0000 -21.2011 -0.3643 -2.9792 72.0069 0.0000 0.0000 -24.4205 -3.8669 -4.0582 0.9553 0.0000 -0.0000 -2.5651 1.5362 -0.6609 11.2396 -0.4591 0.2651 1.0347 6.1239 -6.4229 1.1297 5.9416 2.1381 19.3496 12.2888 -3.1703 -25.2141 -38.0139 -77.6779 -0.0001 -29.4062 -0.0000 -11.3102 -2.2468 -6.3407 -0.0000 -0.0000 0.0000 -0.0000 -0.0000 0.0000 16.0659 -18.7985 4.7139 1.0529 43.1786 71.1405 -0.0000 11.2679 0.0000 -18.9553 -7.7683 13.8906 -0.0000 0.0000 -0.0000 -0.0000 0.0000 -0.0000
 18.1561 31.4087 32.1464 5.6643 64.2759 -9.6338 -2.5242 -2.7072 -3.6097 31.7467 -0.0000 0.0000 -28.2960 -4.7975 6.5458 1.4248 -0.0000 -0.0000 -21.4740 -0.2697 -2.5101 69.9744 -0.0000 0.0000 -24.7138 -4.0779 -4.3079 1.0562 0.0000 -0.0000 -2.5980 1.4394 -0.6203 11.1882 -0.5288 0.3887 0.9246 6.1809 -6.4006 1.3553 5.9575 2.2240 19.3120 12.2347 -3.1003 -24.8378 -38.0579 -77.3416 -0.0001 -32.1320 -0.0000 -12.4782 -2.6554 -6.9853 0.0000 -0.0000 -0.0000 0.0000 -0.0000 -0.0000 16.1339 -18.9803 4.6945 1.9445 43.0731 70.9879 -0.0000 10.7726 0.0000 -18.3728 -8.2121 14.1749 0.0000 0.0000 0.0000 0.0000 0.0000 0.0000
 18.4723 31.5715 32.3402 5.9218 64.9383 -10.0967 -1.2831 -3.1594 -3.1418 30.3535 -0.0000 0.0000 -27.0116 -5.0919 6.2503 0.6122 0.0000 0.0000 -21.7059 -0.2471 -2.0671 67.8038 -0.0000 0.0000 -24.9148 -4.5008 -4.5901 0.9193 -0.0000 0.0000 -2.6346 1.3427 -0.5789 11.1439 -0.5971 0.5174 0.8422 6.2154 -6.3077 1.4774 5.9915 2.1556 19.2200 12.2288 -3.0402 -24.4447 -38.2429 -77.0252 -0.0001 -34.7473 -0.0000 -13.5069 -3.0446 -7.6488 0.0000 -0.0000 -0.0000 0.0000 -0.0000 -0.0000 16.1973 -19.0950 4.6398 2.7708 42.7563 70.8888 -0.0000 10.3856 0.0000 -17.8350 -8.6578 14.4850 -0.0000 -0.0000 0.0000 -0.0000 -0.0000 0.0000
 18.7849 31.7317 32.5294 6.3455 65.6082 -10.6573 -0.2399 -3.4978 -2.7026 29.1781 0.0000 0.0000 -25.5685 -5.4686 5.9062 -0.2619 -0.0000 0.0000 -21.9445 -0.2169 -1.7237 65.4770 -0.0000 0.0000 -24.9918 -4.8847 -5.0900 0.4260 0.0000 0.0000 -2.6899 1.2479 -0.5665 11.0765 -0.6752 0.5969 0.6959 6.2449 -6.2923 1.6360 5.9751 2.3310 19.1892 12.1982 -2.9622 -24.0586 -38.4560 -76.6790 -0.0002 -37.4075 -0.0001 -14.2273 -3.2669 -8.2043 -0.0000 0.0000 -0.0000 -0.0000 0.0000 -0.0000 16.2757 -19.2208 4.5954 3.5065 42.4579 70.8431 -0.0000 10.0047 0.0000 -17.7753 -8.9877 14.5480 -0.0000 0.0000 0.0000 -0.0000 0.0000 0.0000
 19.1007 31.8848 32.7145 6.8334 66.2770 -11.2684 0.6676 -3.7511 -2.2823 28.2525 0.0000 0.0000 -24.1066 -5.7867 5.7637 -1.4898 -0.0000 0.0000 -22.0883 -0.2230 -1.4331 62.9387 -0.0000 0.0000 -25.2366 -5.2874 -5.5583 0.4418 -0.0000 0.0000 -2.7639 1.1647 -0.5413 11.0383 -0.7444 0.6666 0.5427 6.2424 -6.2688 1.7270 5.9232 2.4358 19.1489 12.1979 -2.8728 -23.7095 -38.7859 -76.3616 -0.0002 -39.9586 -0.0001 -14.8323 -3.5110 -8.7158 0.0000 -0.0000 -0.0000 0.0000 -0.0000 -0.0000 16.3591 -19.3253 4.5178 4.1118 42.0309 70.8874 -0.0000 9.6566 0.0000 -17.8500 -9.2108 14.5434 0.0000 0.0000 0.0000 0.0000 0.0000 0.0000
 19.4115 32.0295 32.8796 7.5922 66.9170 -12.0092 1.3175 -4.0961 -2.0576 27.5172 -0.0000 0.0000 -22.6456 -6.0299 5.8018 -2.7929 0.0000 0.0000 -22.2981 -0.2174 -1.3341 60.2693 -0.0000 0.0000 -25.5652 -5.6472 -5.5868 0.6136 -0.0000 0.0000 -2.8211 1.1131 -0.5617 10.8304 -0.7973 0.6660 0.5492 6.1497 -6.1876 1.6116 5.8667 2.3987 19.1509 12.1755 -2.7443 -23.4029 -39.2129 -76.1101 -0.0002 -42.3299 -0.0001 -15.3083 -3.8708 -9.0484 0.0000 0.0000 0.0000 0.0000 0.0000 0.0000 16.7733 -19.4420 4.5672 4.5317 41.7502 70.8121 -0.0000 9.3719 0.0000 -18.1971 -9.3719 14.5091 -0.0000 0.0000 -0.0000 -0.0000 0.0000 -0.0000
 19.7281 32.1691 33.0656 8.1593 67.5783 -12.7490 1.9926 -4.1758 -1.5791 27.0239 0.0000 0.0000 -21.1786 -6.4202 5.6837 -4.1662 -0.0000 -0.0000 -22.2628 -0.2774 -1.0599 57.3718 -0.0000 0.0000 -25.8468 -5.7606 -6.1000 0.7797 0.0000 0.0000 -2.9712 1.0168 -0.4677 10.9993 -0.8864 0.7222 0.1850 6.2239 -6.2456 1.7941 5.7675 2.6286 19.0235 12.2639 -2.6663 -23.1380 -39.6036 -75.8371 -0.0002 -44.6652 -0.0001 -15.0765 -3.9150 -9.6254 0.0000 0.0000 -0.0000 0.0000 0.0000 -0.0000 16.4922 -19.4766 4.3025 5.0190 41.1125 71.1392 -0.0000 8.9486 0.0000 -18.1986 -9.2670 14.4534 -0.0000 0.0000 0.0000 -0.0000 0.0000 0.0000
 20.0392 32.2978 33.2247 8.9530 68.1113 -13.5027 2.4377 -4.2702 -1.4087 26.6851 -0.0000 0.0000 -19.6789 -6.5345 5.8014 -5.7191 0.0000 0.0000 -22.3192 -0.1321 -1.0094 54.3990 -0.0000 0.0000 -26.1185 -5.6206 -6.2054 0.5541 -0.0000 -0.0000 -3.0234 1.0226 -0.4896 10.8020 -0.8831 0.7099 0.2254 6.0904 -6.1775 1.5445 5.6999 2.5400 18.9894 12.2982 -2.5058 -22.9737 -40.1123 -75.7446 -0.0002 -46.5500 -0.0001 -15.2358 -4.5575 -9.8731 -0.0000 0.0000 -0.0000 -0.0000 0.0000 -0.0000 16.9154 -19.5577 4.3339 5.2654 40.8212 71.1053 -0.0000 8.6863 0.0000 -18.5623 -9.3162 14.3639 -0.0000 0.0000 0.0000 -0.0000 0.0000 0.0000
 20.3451 32.4143 33.3873 9.8237 68.7519 -14.3674 2.7486 -4.4228 -1.1968 26.6260 -0.0000 0.0000 -18.2190 -6.7276 6.1928 -7.1395 0.0000 -0.0000 -22.2727 -0.0679 -0.9741 51.3022 0.0000 -0.0000 -26.3633 -5.0636 -6.1715 0.4768 -0.0000 0.0000 -3.1095 0.9824 -0.4887 10.7641 -0.9250 0.7089 0.0384 6.0554 -6.1596 1.4929 5.5662 2.5960 18.9326 12.3615 -2.3065 -23.0018 -40.6293 -75.7604 -0.0002 -48.0830 -0.0001 -15.3013 -5.4308 -10.3598 0.0000 -0.0000 -0.0000 0.0000 -0.0000 -0.0000 16.9861 -19.6697 4.2162 5.5571 40.5250 71.2454 -0.0000 8.3617 0.0000 -18.8688 -9.2504 14.2240 0.0000 -0.0000 0.0000 0.0000 -0.0000 0.0000
 20.6580 32.5198 33.5495 10.7169 69.3347 -15.2661 2.9932 -4.4297 -0.9764 26.6737 -0.0000 0.0000 -16.9732 -6.7795 6.0852 -8.8041 -0.0000 -0.0000 -22.1411 -0.0479 -0.9425 48.0313 -0.0000 0.0000 -26.5518 -4.2261 -5.8838 0.4994 -0.0000 -0.0000 -3.2396 0.9618 -0.4766 10.7654 -0.9469 0.7108 -0.1055 6.0068 -6.1330 1.3902 5.4543 2.5985 18.8725 12.4767 -2.1284 -23.1767 -41.1641 -75.8952 -0.0002 -49.1538 -0.0001 -15.4863 -6.6022 -10.8693 -0.0000 -0.0000 -0.0000 -0.0000 -0.0000 -0.0000 17.0738 -19.6881 4.1168 5.8046 40.2395 71.3480 -0.0000 8.0700 0.0000 -17.4608 -9.5944 15.0988 0.0000 0.0000 0.0000 0.0000 0.0000 0.0000
 20.9732 32.6115 33.7113 11.5703 69.8458 -16.1381 3.1659 -4.4462 -0.8004 26.9457 0.0000 0.0000 -15.6491 -6.7581 6.2758 -10.3758 0.0000 0.0000 -21.9581 0.0061 -0.8802 44.7778 -0.0000 0.0000 -26.5896 -3.0373 -5.3836 0.3286 -0.0000 -0.0000 -3.3747 0.9710 -0.4552 10.7789 -0.9384 0.7128 -0.2327 5.9526 -6.1283 1.2647 5.3559 2.6260 18.7832 12.6396 -1.9233 -23.5082 -41.7124 -76.2132 -0.0002 -49.7724 -0.0001 -15.8696 -7.8068 -11.3567 0.0000 -0.0000 -0.0000 0.0000 -0.0000 -0.0000 17.1081 -19.6831 3.9790 6.0449 40.0440 71.4421 -0.0000 7.8198 0.0000 -17.8411 -9.5078 14.7932 -0.0000 -0.0000 0.0000 -0.0000 -0.0000 0.0000
 21.2877 32.6881 33.8720 12.3829 70.3455 -16.9972 3.2202 -4.3256 -0.5797 27.4668 0.0000 -0.0000 -14.4152 -6.8017 6.4197 -11.8990 0.0000 -0.0000 -21.6799 0.1691 -0.7934 41.3926 -0.0000 0.0000 -26.6156 -1.6799 -4.2918 0.3454 0.0000 0.0000 -3.4953 0.9927 -0.4103 10.8301 -0.9146 0.7255 -0.4242 5.9128 -6.1541 1.2180 5.2390 2.6937 18.5726 12.8508 -1.7378 -23.8444 -42.3287 -76.6079 -0.0003 -49.9998 -0.0001 -16.6227 -9.0886 -11.8093 -0.0000 0.0000 -0.0000 -0.0000 0.0000 -0.0000 17.1679 -19.6564 3.8495 6.0890 39.7955 71.5955 -0.0000 7.5478 0.0000 -18.6728 -9.2772 14.1443 -0.0000 -0.0000 0.0000 -0.0000 -0.0000 0.0000
 21.6097 32.7445 34.0324 13.1324 70.7897 -17.7579 3.1994 -4.1255 -0.4242 28.2218 -0.0000 0.0000 -13.2054 -6.7642 6.7514 -12.9385 -0.0000 -0.0000 -21.3922 0.4169 -0.7006 38.1900 -0.0000 0.0000 -26.4724 -0.4025 -3.0746 0.3304 0.0000 0.0000 -3.5839 1.0355 -0.3874 10.7765 -0.8697 0.7321 -0.4494 5.8174 -6.1905 1.0218 5.1711 2.6871 18.5119 12.9727 -1.5168 -24.3176 -42.6704 -77.1553 -0.0003 -49.9760 -0.0001 -17.2859 -9.9946 -12.3642 0.0000 -0.0000 -0.0000 0.0000 -0.0000 -0.0000 17.1132 -19.6496 3.6762 6.4726 39.8888 71.5499 -0.0000 7.4512 0.0000 -19.0838 -9.3657 13.8495 -0.0000 0.0000 -0.0000 -0.0000 0.0000 -0.0000
 21.9288 32.7826 34.1906 13.7558 71.2439 -18.4321 3.0609 -3.9366 -0.2400 29.3020 -0.0000 0.0000 -12.2874 -6.8004 6.6864 -14.0513 -0.0000 -0.0000 -21.0293 0.7894 -0.5406 35.0638 -0.0000 0.0000 -26.1411 0.6306 -2.0138 0.0859 -0.0000 -0.0000 -3.6299 1.0921 -0.3387 10.7592 -0.8065 0.7575 -0.5030 5.7128 -6.2608 0.8492 5.0763 2.7106 18.3286 13.0944 -1.2982 -24.7770 -42.9835 -77.7857 -0.0002 -49.7399 -0.0001 -18.1382 -10.4476 -12.8052 0.0000 -0.0000 0.0000 0.0000 -0.0000 0.0000 17.0640 -19.6390 3.4988 6.6724 39.9048 71.5715 -0.0000 7.3169 0.0000 -18.8421 -9.5286 13.8574 -0.0000 0.0000 -0.0000 -0.0000 0.0000 -0.0000
 22.2482 32.8019 34.3569 14.2817 71.7468 -19.0414 2.8274 -3.7129 -0.0049 30.6771 -0.0000 -0.0000 -11.4465 -6.8408 6.7805 -15.2564 0.0000 0.0000 -20.6166 1.2913 -0.3236 32.1628 -0.0000 0.0000 -25.6809 1.2642 -1.1614 -0.2139 -0.0000 -0.0000 -3.6157 1.1215 -0.2989 10.7091 -0.7642 0.8081 -0.5687 5.6331 -6.3171 0.7325 4.9930 2.7308 18.1611 13.1816 -1.0894 -25.1635 -43.1662 -78.3956 -0.0002 -49.4112 -0.0001 -18.8159 -10.4716 -13.1230 0.0000 0.0000 0.0000 0.0000 0.0000 0.0000 17.0038 -19.6141 3.3521 6.8490 39.9236 71.5566 -0.0000 7.1995 0.0000 -18.5616 -9.7177 13.8202 -0.0000 0.0000 0.0000 -0.0000 0.0000 0.0000
 22.5755 32.8056 34.5480 14.4202 72.3082 -19.4624 2.6315 -3.4187 0.4837 32.3405 0.0000 0.0000 -10.8140 -7.0399 6.6829 -16.0944 0.0000 -0.0000 -20.0346 1.9386 0.1413 29.5050 0.0000 0.0000 -25.0571 1.4047 -0.5179 -0.4112 0.0000 0.0000 -3.5250 1.0965 -0.2001 10.7115 -0.7498 0.9787 -0.7236 5.6098 -6.3891 0.8082 4.9670 2.7566 17.7801 13.2445 -0.9330 -25.1209 -43.2182 -78.8246 -0.0002 -48.9998 -0.0001 -18.9333 -10.4627 -13.3332 0.0000 0.0000 0.0000 0.0000 0.0000 0.0000 17.0550 -19.5100 3.2837 6.7247 39.8299 71.5759 -0.0000 6.8429 0.0000 -18.0467 -9.5454 13.8845 -0.0000 0.0000 0.0000 -0.0000 0.0000 0.0000
 22.9054 32.7790 34.7128 14.7445 72.7592 -19.8395 2.2481 -3.1731 0.6750 34.1485 -0.0000 0.0000 -10.1360 -7.0764 6.4904 -16.9609 0.0000 -0.0000 -19.7075 2.8538 0.3494 27.4174 -0.0000 0.0000 -24.2787 1.3418 -0.5088 -1.2424 0.0000 0.0000 -3.5003 1.1596 -0.1904 10.6494 -0.6724 1.0291 -0.6786 5.5167 -6.4229 0.5828 4.9627 2.7029 17.8944 13.2061 -0.7932 -25.5868 -43.1354 -79.3863 -0.0002 -48.5374 -0.0001 -19.1893 -9.9769 -13.4048 -0.0000 0.0000 -0.0000 -0.0000 0.0000 -0.0000 17.0262 -19.4730 3.1431 6.7910 39.7682 71.4968 -0.0000 6.8737 0.0000 -16.6473 -10.2363 14.7476 -0.0000 0.0000 0.0000 -0.0000 0.0000 0.0000
 23.2354 32.7354 34.9009 14.6509 73.3775 -20.0199 1.8513 -3.0781 1.1239 36.3872 0.0000 -0.0000 -9.6388 -7.1274 6.0283 -17.7985 0.0000 0.0000 -19.2032 3.7576 0.7659 25.6608 -0.0000 0.0000 -23.6863 0.9529 -0.6919 -1.2449 -0.0000 -0.0000 -3.5055 1.1467 -0.0896 10.9887 -0.6448 1.2018 -0.8709 5.4886 -6.5177 0.4503 4.8992 2.6935 17.4784 13.0894 -0.6356 -25.5189 -42.8601 -79.7615 -0.0002 -48.1325 -0.0001 -19.1367 -9.3126 -13.4266 0.0000 0.0000 -0.0000 0.0000 0.0000 -0.0000 17.0082 -19.3548 3.0806 6.4955 39.7758 71.5455 -0.0000 6.6259 0.0000 -17.6696 -9.8574 13.7928 0.0000 0.0000 -0.0000 0.0000 0.0000 -0.0000
 23.5603 32.6668 35.0906 14.2647 73.8670 -19.9078 1.4217 -2.9073 1.5637 38.7873 0.0000 -0.0000 -9.3883 -7.1457 5.3471 -17.9009 -0.0000 0.0000 -18.8303 4.7307 1.2039 24.4308 -0.0000 0.0000 -23.0726 0.4261 -0.9704 -1.1126 -0.0000 -0.0000 -3.3065 1.1897 -0.0115 10.9825 -0.5623 1.3599 -0.9342 5.4482 -6.5977 0.3454 4.9179 2.6947 17.4179 13.0140 -0.5749 -25.5507 -42.6844 -80.0368 -0.0002 -47.5759 -0.0001 -18.7866 -8.8135 -13.2804 -0.0000 -0.0000 0.0000 -0.0000 -0.0000 0.0000 17.0064 -19.2457 3.0845 6.4062 39.7721 71.3848 -0.0000 6.4948 0.0000 -18.5644 -9.6494 13.1864 -0.0000 0.0000 -0.0000 -0.0000 0.0000 -0.0000
 23.8962 32.5741 35.2726 14.3070 74.3267 -20.0184 0.8137 -2.8976 1.7632 41.2843 -0.0000 -0.0000 -9.3059 -7.0299 4.5846 -17.1864 0.0000 0.0000 -18.6179 5.2523 1.3658 23.6010 -0.0000 0.0000 -22.4055 -0.0076 -0.8885 -0.8149 -0.0000 -0.0000 -3.2870 1.2401 -0.0249 10.9794 -0.5055 1.3753 -0.8573 5.3734 -6.6022 0.1187 4.9421 2.6168 17.6034 12.9144 -0.5973 -25.6790 -42.6057 -80.1265 -0.0002 -46.9415 -0.0001 -18.2704 -8.3004 -13.0005 -0.0000 0.0000 0.0000 -0.0000 0.0000 0.0000 16.9815 -19.1011 3.1263 6.2047 39.6852 71.2948 -0.0000 6.1811 0.0000 -18.2399 -9.4967 13.4950 0.0000 0.0000 -0.0000 0.0000 0.0000 -0.0000
 24.2460 32.4580 35.4783 13.4883 74.9848 -19.7196 0.3934 -2.9629 2.4365 44.1255 -0.0000 0.0000 -9.6064 -6.9064 3.5916 -15.6829 -0.0000 -0.0000 -18.0430 5.2576 1.8858 22.9183 -0.0000 0.0000 -21.3563 -0.4545 -0.5017 -0.7743 -0.0000 -0.0000 -3.1420 1.1448 0.2246 11.2630 -0.5485 1.6234 -1.1345 5.4985 -6.7317 0.2116 5.0384 2.6840 17.3090 12.9285 -0.7261 -25.2608 -42.4004 -80.0963 -0.0002 -46.4066 -0.0001 -17.6518 -7.8848 -12.5856 0.0000 0.0000 0.0000 0.0000 0.0000 0.0000 16.9339 -18.9629 3.1795 5.9486 39.6958 71.0167 -0.0000 6.1110 0.0000 -18.5284 -9.5874 13.2634 -0.0000 0.0000 -0.0000 -0.0000 0.0000 -0.0000
 24.5775 32.3117 35.6618 13.3353 75.5126 -19.6394 -0.3902 -3.0777 2.6238 47.0872 -0.0000 0.0000 -9.7979 -6.6607 2.6636 -14.1135 0.0000 -0.0000 -17.9465 4.9170 1.9177 23.1138 0.0000 0.0000 -20.3569 -0.6144 1.6586 -0.1843 -0.0000 -0.0000 -3.0991 1.2055 0.2019 11.3258 -0.4851 1.6215 -1.0691 5.4151 -6.6197 -0.1082 5.0519 2.5166 17.5396 12.7666 -0.7653 -25.2860 -42.4947 -79.9691 -0.0002 -45.7451 -0.0001 -17.2702 -7.6099 -11.9732 -0.0000 0.0000 0.0000 -0.0000 0.0000 0.0000 16.9262 -18.7990 3.3003 5.6832 39.5318 70.8562 -0.0000 6.0361 0.0000 -18.7068 -9.5322 13.1145 0.0000 0.0000 -0.0000 0.0000 0.0000 -0.0000
 24.9179 32.1398 35.8419 13.1040 76.1805 -19.5585 -1.1771 -3.3721 2.8401 50.2310 -0.0000 0.0000 -10.1658 -6.3359 1.8931 -12.1580 0.0000 -0.0000 -17.7487 4.2800 1.9297 23.8879 -0.0000 0.0000 -18.4400 0.1181 2.5617 0.4923 0.0000 -0.0000 -3.0216 1.1789 0.2664 11.4391 -0.5054 1.6562 -1.1292 5.3873 -6.6545 -0.2956 5.0605 2.5040 17.5384 12.7117 -0.8676 -25.0391 -42.5992 -79.7910 -0.0002 -45.0517 -0.0001 -16.7632 -7.3785 -11.4414 -0.0000 -0.0000 0.0000 -0.0000 -0.0000 0.0000 16.8459 -18.7329 3.4081 5.3767 39.3759 70.6546 -0.0000 6.0144 0.0000 -18.7177 -9.4582 12.9590 -0.0000 0.0000 -0.0000 -0.0000 0.0000 -0.0000
 25.2649 31.9440 36.0303 12.4637 76.8376 -19.1251 -1.9151 -3.5598 3.1430 53.4857 -0.0000 0.0000 -10.6051 -6.0199 1.1678 -9.4024 0.0000 0.0000 -17.6809 3.1176 2.0570 26.1097 -0.0000 0.0000 -19.9357 1.0798 1.8447 4.0294 0.0000 0.0000 -2.9431 1.1682 0.3560 11.6206 -0.5109 1.6881 -1.1179 5.3169 -6.6796 -0.6092 5.1010 2.4829 17.6060 12.6942 -0.9740 -24.8527 -42.7241 -79.6076 -0.0002 -44.3131 -0.0001 -16.4666 -7.1346 -10.7942 0.0000 0.0000 -0.0000 0.0000 0.0000 -0.0000 16.6599 -18.6359 3.4729 5.1494 39.4147 70.4612 -0.0000 5.9738 0.0000 -18.6238 -9.3568 12.7230 0.0000 0.0000 0.0000 0.0000 0.0000 0.0000
 25.6089 31.7247 36.2013 11.7742 77.4668 -18.5488 -2.7132 -3.7813 3.2878 56.7695 -0.0000 0.0000 -11.0473 -5.6209 0.6288 -6.6888 0.0000 -0.0000 -17.9706 2.3070 2.0963 29.3349 0.0000 -0.0000 -23.0376 0.6381 3.3243 1.3645 0.0000 0.0000 -2.7939 1.1828 0.4201 11.6725 -0.5015 1.6802 -0.9721 5.1818 -6.7295 -1.1664 5.1739 2.4175 17.6680 12.6724 -1.1260 -24.5077 -42.8628 -79.3011 -0.0002 -43.5289 -0.0001 -16.0926 -7.1032 -10.4557 0.0000 0.0000 0.0000 0.0000 0.0000 0.0000 16.5707 -18.5599 3.5563 4.7930 39.2928 70.2832 -0.0000 6.0194 0.0000 -18.4248 -9.1136 12.3975 0.0000 -0.0000 -0.0000 0.0000 -0.0000 -0.0000
 25.9396 31.5013 36.3783 11.2061 78.2205 -18.1603 -3.6074 -4.1079 3.5332 60.1160 0.0000 0.0000 -11.5238 -5.3665 0.3802 -3.5213 0.0000 0.0000 -18.3164 1.5092 2.2019 32.0336 -0.0000 0.0000 -24.6273 0.2477 3.4700 3.3394 -0.0000 -0.0000 -2.5647 1.1624 0.4843 11.6183 -0.5186 1.7165 -0.7935 5.0284 -6.6561 -1.7002 5.2565 2.1877 17.7896 12.6171 -1.2936 -24.1856 -43.0297 -78.9597 -0.0002 -42.6075 -0.0001 -15.5333 -7.1518 -10.1621 0.0000 -0.0000 -0.0000 0.0000 -0.0000 -0.0000 16.5745 -18.4669 3.8123 4.4370 39.1739 69.9546 -0.0000 6.1199 0.0000 -18.7014 -9.0346 12.0874 -0.0000 0.0000 -0.0000 -0.0000 0.0000 -0.0000
 26.2487 31.2820 36.5843 10.6125 78.8868 -18.0645 -4.5991 -4.2561 4.2441 63.5210 -0.0000 0.0000 -12.2336 -5.3619 0.5742 0.6027 -0.0000 0.0000 -18.8428 0.6146 2.7702 34.9539 -0.0000 0.0000 -26.3015 0.1968 3.4655 3.5222 0.0000 0.0000 -2.2159 1.1686 0.6596 11.3614 -0.4741 1.9186 -0.6415 4.8957 -6.4127 -2.0614 5.4060 1.6770 18.0799 12.6352 -1.5296 -23.9881 -43.1535 -78.6536 -0.0002 -41.4982 -0.0001 -14.8167 -7.3774 -10.0106 -0.0000 -0.0000 0.0000 -0.0000 -0.0000 0.0000 16.7076 -18.3421 4.2799 4.2285 39.2621 69.3041 -0.0000 6.3186 0.0000 -19.0763 -8.7126 11.2720 -0.0000 0.0000 -0.0000 -0.0000 0.0000 -0.0000
 26.5325 31.0632 36.7717 10.5065 79.3184 -18.5512 -5.8233 -4.3179 5.0034 66.9124 -0.0000 0.0000 -13.1571 -5.2557 1.0711 4.9182 -0.0000 0.0000 -19.5525 -0.3127 3.4146 37.8392 -0.0000 0.0000 -27.6400 0.0379 2.9564 3.5758 -0.0000 -0.0000 -1.9967 1.2922 0.9757 11.1999 -0.2981 2.1898 -0.5191 4.7230 -6.3743 -2.6081 5.6210 1.2809 18.4408 12.5283 -1.9608 -23.8003 -43.2547 -78.1358 -0.0002 -40.4763 -0.0001 -14.4286 -7.3075 -9.7205 0.0000 0.0000 -0.0000 0.0000 0.0000 -0.0000 16.6759 -18.3410 4.4902 3.4548 39.2614 69.1277 -0.0000 6.1319 0.0000 -19.0433 -8.2779 10.9004 0.0000 0.0000 -0.0000 0.0000 0.0000 -0.0000
 26.8220 30.8607 36.9251 10.8068 79.5242 -19.2191 -7.1150 -4.2868 5.4062 70.0028 -0.0000 0.0000 -14.1875 -4.8084 1.7466 6.7788 -0.0000 0.0000 -20.1204 -1.2361 3.7523 40.2319 -0.0000 0.0000 -28.9527 0.2451 2.3542 3.6396 0.0000 0.0000 -2.0694 1.4972 1.1372 11.3967 -0.0417 2.3985 -0.5741 4.6400 -6.2277 -3.1760 5.8099 0.7777 18.7258 12.4344 -2.3907 -23.8945 -43.1073 -77.9058 -0.0002 -39.2191 -0.0001 -13.8164 -7.3159 -9.4118 -0.0000 -0.0000 0.0000 -0.0000 -0.0000 0.0000 16.9668 -18.1255 5.0518 2.5382 39.1478 68.4853 -0.0000 6.3967 0.0000 -19.2024 -8.2408 10.4011 0.0000 0.0000 -0.0000 0.0000 0.0000 -0.0000
 27.0873 30.6684 37.0489 11.9948 79.7021 -20.6873 -8.7056 -4.2789 5.6733 73.0689 -0.0000 0.0000 -15.4629 -4.2226 2.0804 6.5465 0.0000 0.0000 -20.5975 -2.1508 3.9068 42.1770 -0.0000 0.0000 -30.3201 0.5589 2.1136 3.5910 -0.0000 0.0000 -2.1742 1.7073 1.3355 11.5845 0.1996 2.5312 -0.7923 4.5054 -6.1388 -3.7402 6.0911 0.3378 19.1007 12.4152 -2.8801 -24.1981 -43.0722 -77.7295 -0.0002 -37.8085 -0.0001 -13.3033 -7.3482 -9.0209 -0.0000 -0.0000 0.0000 -0.0000 -0.0000 0.0000 16.8856 -18.2471 5.4394 1.5478 39.5353 68.0462 -0.0000 6.2702 0.0000 -19.5105 -7.7807 9.8842 0.0000 -0.0000 0.0000 0.0000 -0.0000 0.0000
 27.3453 30.4956 37.1653 14.0484 79.8499 -22.9706 -10.4733 -4.2421 5.9056 75.9214 -0.0000 0.0000 -16.7341 -3.5878 2.5611 5.7444 -0.0000 0.0000 -20.9463 -2.9801 4.0109 43.5988 -0.0000 0.0000 -31.6279 0.8433 2.1644 3.5211 -0.0000 0.0000 -2.4070 1.8544 1.4804 11.7565 0.3848 2.6628 -1.0974 4.4256 -6.0761 -4.0803 6.4135 0.0388 19.5165 12.3736 -3.3143 -24.5717 -42.7344 -77.7095 -0.0002 -36.2739 -0.0001 -12.7778 -7.4219 -8.5163 -0.0000 0.0000 0.0000 -0.0000 0.0000 0.0000 16.9374 -18.1422 5.7634 0.2437 39.6983 67.7965 -0.0000 6.2433 0.0000 -19.6669 -7.4555 9.0949 -0.0000 0.0000 -0.0000 -0.0000 0.0000 -0.0000
 27.6079 30.3459 37.2665 16.0724 80.0296 -25.0833 -12.1929 -4.2389 5.9151 78.4209 -0.0000 0.0000 -17.7787 -3.0520 3.3302 5.5609 0.0000 -0.0000 -21.0891 -3.5332 4.0034 44.6766 0.0000 -0.0000 -32.8861 0.9405 2.4103 3.4322 -0.0000 0.0000 -2.6053 1.9879 1.5252 11.8789 0.5416 2.7260 -1.3105 4.3426 -6.0818 -4.4556 6.6991 -0.0322 19.9462 12.2891 -3.6628 -24.9381 -42.3028 -77.7800 -0.0001 -34.5956 -0.0000 -12.2027 -7.4501 -7.9386 0.0000 0.0000 -0.0000 0.0000 0.0000 -0.0000 17.0173 -17.9606 6.0578 -1.1656 39.7289 67.6713 -0.0000 6.3029 0.0000 -19.7738 -7.1248 8.0206 -0.0000 0.0000 0.0000 -0.0000 0.0000 0.0000
 27.9019 30.2257 37.3623 17.1353 80.3556 -26.1730 -13.5504 -4.2965 5.7842 80.4893 -0.0000 0.0000 -18.6062 -2.6313 4.0637 5.3880 0.0000 -0.0000 -20.8310 -3.8080 4.0163 45.4842 -0.0000 0.0000 -34.0864 0.7025 2.7526 3.5367 -0.0000 0.0000 -2.6780 2.1089 1.5069 11.9577 0.6730 2.7408 -1.2979 4.3156 -6.0397 -4.8595 6.8540 -0.0713 20.3730 12.1866 -3.9301 -25.2120 -41.8727 -77.9025 -0.0001 -32.7114 -0.0000 -11.5035 -7.4469 -7.0842 0.0000 -0.0000 -0.0000 0.0000 -0.0000 -0.0000 16.9966 -17.6877 6.2464 -2.5337 39.3911 67.7476 -0.0000 6.5078 0.0000 -19.7231 -6.8098 6.6915 -0.0000 0.0000 -0.0000 -0.0000 0.0000 -0.0000
 28.1841 30.1343 37.4545 18.7610 80.6975 -27.9516 -15.0101 -4.3943 5.7932 82.3377 -0.0000 0.0000 -19.3016 -2.4054 4.8680 5.4081 0.0000 0.0000 -20.5899 -3.9189 4.2369 46.1148 -0.0000 0.0000 -34.9377 0.2899 2.8462 3.4157 -0.0000 0.0000 -2.7626 2.1400 1.5599 12.0305 0.7321 2.8406 -1.4394 4.3319 -6.1363 -5.0466 7.0885 0.1150 20.4384 12.2199 -4.1719 -25.1623 -41.3806 -78.1012 -0.0001 -30.7647 -0.0000 -10.9375 -7.3282 -5.9510 -0.0000 0.0000 -0.0000 -0.0000 0.0000 -0.0000 16.9699 -17.4796 6.3614 -4.0356 39.4227 67.8751 -0.0000 6.6678 0.0000 -19.7199 -6.4306 5.2869 -0.0000 -0.0000 -0.0000 -0.0000 -0.0000 -0.0000
 28.4862 30.0676 37.5386 19.5308 81.1111 -28.7526 -16.1945 -4.4575 5.6434 83.7927 -0.0000 0.0000 -19.9598 -2.3142 5.4109 5.5318 -0.0000 0.0000 -20.1385 -4.0065 4.3221 46.6880 0.0000 0.0000 -35.6734 -0.0859 2.8025 3.3158 0.0000 0.0000 -2.7018 2.2890 1.5339 11.9846 0.8814 2.8350 -1.2923 4.2682 -6.1450 -5.4403 7.1588 0.2668 20.5683 12.2374 -4.2592 -25.1982 -41.2255 -78.3861 -0.0001 -28.5589 -0.0000 -10.6813 -7.2637 -4.8620 -0.0000 0.0000 -0.0000 -0.0000 0.0000 -0.0000 16.8069 -17.3283 6.4074 -5.3541 38.8361 68.1839 -0.0000 7.2814 0.0000 -19.4119 -6.2340 3.7002 -0.0000 0.0000 0.0000 -0.0000 0.0000 0.0000
 28.7920 30.0283 37.6172 20.4499 81.6555 -29.7338 -17.3138 -4.6090 5.5029 84.9193 -0.0000 -0.0000 -20.5300 -2.3754 5.8407 5.2339 0.0000 -0.0000 -19.5562 -4.1642 4.4334 47.1251 0.0000 0.0000 -36.1676 -0.4999 2.5312 3.0694 0.0000 -0.0000 -2.5898 2.3477 1.5095 11.9230 0.9403 2.8462 -1.2643 4.2945 -6.1103 -5.4590 7.2435 0.3906 20.5762 12.2860 -4.2996 -25.0066 -40.9609 -78.6320 -0.0001 -26.4018 -0.0000 -10.5566 -7.1073 -3.8812 0.0000 -0.0000 0.0000 0.0000 -0.0000 0.0000 16.5413 -17.2248 6.3801 -6.5459 38.4838 68.5409 -0.0000 7.9429 0.0000 -19.2772 -5.7772 2.0405 0.0000 0.0000 0.0000 0.0000 0.0000 0.0000
 29.1149 30.0212 37.7014 20.1940 82.2873 -29.6727 -18.1203 -4.7505 5.5382 85.6625 -0.0000 0.0000 -21.0872 -2.6787 6.0061 5.1812 0.0000 0.0000 -18.5615 -4.3137 4.7120 47.1924 -0.0000 0.0000 -36.4697 -0.9586 2.3783 2.8462 -0.0000 0.0000 -2.3350 2.3525 1.5477 11.8444 0.9544 2.9323 -1.2647 4.3396 -6.1414 -5.1704 7.4228 0.5351 20.3812 12.3536 -4.3800 -24.3492 -40.3624 -78.7221 -0.0001 -24.5320 -0.0000 -10.2930 -6.4683 -3.1692 0.0000 -0.0000 0.0000 0.0000 -0.0000 0.0000 16.4789 -17.0010 6.2934 -7.9627 38.0633 69.0125 -0.0000 8.7147 0.0000 -19.6517 -4.9740 0.1143 -0.0000 -0.0000 -0.0000 -0.0000 -0.0000 -0.0000
 29.4230 30.0341 37.7582 21.0599 82.7062 -30.5488 -19.1443 -4.7562 5.3254 86.0654 0.0000 -0.0000 -21.6205 -2.9255 6.0833 5.2790 0.0000 0.0000 -17.8187 -4.3907 4.8073 47.1740 -0.0000 0.0000 -36.6224 -1.3324 1.9698 2.6111 -0.0000 0.0000 -2.2621 2.5587 1.5093 11.7700 1.1524 2.8945 -1.0633 4.2058 -6.1688 -5.4520 7.4279 0.7894 20.3829 12.4864 -4.3896 -24.2609 -40.3204 -79.0024 -0.0001 -22.2412 -0.0000 -9.9824 -6.0487 -2.6057 0.0000 -0.0000 -0.0000 0.0000 -0.0000 -0.0000 16.2688 -16.9956 6.2422 -9.1260 37.3421 69.4169 -0.0000 10.0294 0.0000 -19.2786 -4.8582 -1.1695 -0.0000 -0.0000 -0.0000 -0.0000 -0.0000 -0.0000
 29.7369 30.0762 37.8030 22.2134 83.1866 -31.7031 -20.1179 -4.8049 5.0555 86.1419 -0.0000 0.0000 -22.1163 -3.1936 6.2352 5.2714 0.0000 0.0000 -16.9181 -4.6690 4.8084 46.9144 -0.0000 0.0000 -36.6333 -1.5277 1.6567 2.2661 -0.0000 -0.0000 -2.1964 2.7304 1.4873 11.6858 1.3078 2.8311 -0.9731 4.1336 -6.1441 -5.3230 7.4237 0.9214 20.4999 12.5443 -4.4594 -24.1078 -40.0278 -79.1153 -0.0001 -20.2677 -0.0000 -9.8954 -5.0970 -2.4081 -0.0000 -0.0000 0.0000 -0.0000 -0.0000 0.0000 16.1449 -16.9384 6.1499 -10.2953 36.6197 69.8709 -0.0000 11.4553 0.0000 -19.0874 -4.4701 -2.3614 -0.0000 0.0000 -0.0000 -0.0000 0.0000 -0.0000
 30.0538 30.1465 37.8392 23.6805 83.6739 -33.1748 -21.0365 -4.8231 4.7790 85.8888 -0.0000 -0.0000 -22.5682 -3.4871 6.4424 5.1722 0.0000 -0.0000 -15.8313 -4.8324 4.8451 46.2372 0.0000 -0.0000 -36.5534 -1.8050 1.6691 2.1549 0.0000 0.0000 -2.1348 2.8996 1.4857 11.6293 1.4537 2.7429 -0.9503 4.0805 -6.1274 -5.1143 7.3919 1.0241 20.5424 12.5872 -4.5214 -23.7341 -39.8823 -79.0952 -0.0001 -18.3406 -0.0000 -9.9637 -4.4086 -2.0195 -0.0000 -0.0000 0.0000 -0.0000 -0.0000 0.0000 15.9907 -16.8720 6.0233 -11.2995 36.0167 70.2919 -0.0000 13.0387 0.0000 -19.0025 -3.8360 -3.4987 -0.0000 0.0000 -0.0000 -0.0000 0.0000 -0.0000
 30.3760 30.2392 37.8644 25.8045 84.1150 -35.2942 -21.9271 -4.8233 4.4669 85.3046 -0.0000 0.0000 -23.1462 -3.5530 6.4138 5.2879 -0.0000 0.0000 -14.6947 -4.9917 4.8844 45.3368 -0.0000 0.0000 -36.2511 -2.0799 1.4755 1.7563 0.0000 -0.0000 -2.1216 3.0685 1.4918 11.5449 1.5971 2.6408 -0.9161 4.0493 -6.1169 -4.9206 7.3768 1.1411 20.6242 12.6541 -4.5889 -23.3587 -39.6800 -79.0204 -0.0001 -16.4521 -0.0000 -9.8704 -3.6266 -2.3613 -0.0000 0.0000 -0.0000 -0.0000 0.0000 -0.0000 15.9263 -16.8722 5.9107 -12.2643 35.4468 70.6557 -0.0001 14.8705 0.0000 -18.9277 -3.3222 -4.1640 0.0000 -0.0000 0.0000 0.0000 -0.0000 0.0000
 30.7009 30.3537 37.8768 29.0666 84.6319 -38.5453 -22.7943 -4.8732 4.0984 84.4361 -0.0000 0.0000 -23.6625 -3.6264 6.5123 5.7547 -0.0000 -0.0000 -13.4786 -5.1594 4.8920 44.2314 -0.0000 0.0000 -35.8169 -2.3312 1.4731 1.4378 0.0000 -0.0000 -2.1182 3.2061 1.5156 11.4743 1.7057 2.5282 -0.9172 3.9859 -6.1131 -4.6877 7.3113 1.2130 20.7199 12.6838 -4.6478 -22.9261 -39.4333 -78.8641 -0.0001 -14.7480 -0.0000 -9.8740 -2.8611 -2.7627 -0.0000 0.0000 -0.0000 -0.0000 0.0000 -0.0000 15.7977 -16.9036 5.7637 -12.9928 35.0108 70.9527 -0.0001 16.8618 0.0000 -19.0988 -2.5778 -4.8314 -0.0000 0.0000 -0.0000 -0.0000 0.0000 -0.0000
 31.0325 30.4871 37.8845 33.8580 85.1804 -43.3286 -23.6046 -4.9687 3.7113 83.2883 -0.0000 0.0000 -24.2228 -3.5464 6.4120 5.8833 -0.0000 -0.0000 -12.1802 -5.3365 4.9163 42.9374 -0.0000 0.0000 -35.2013 -2.6181 1.4924 0.9745 0.0000 -0.0000 -2.1466 3.3035 1.5369 11.3965 1.7754 2.4190 -0.8956 3.9225 -6.1011 -4.4579 7.2595 1.2561 20.7656 12.7020 -4.6989 -22.1475 -39.3865 -78.4519 -0.0001 -13.4273 -0.0000 -10.1145 -1.9504 -3.3207 -0.0000 -0.0000 0.0000 -0.0000 -0.0000 0.0000 15.6946 -16.9420 5.6244 -13.5823 34.6280 71.1817 -0.0001 19.0335 0.0000 -19.3504 -1.8471 -5.2932 0.0000 0.0000 0.0000 0.0000 0.0000 0.0000
 31.3868 30.6347 37.8796 38.9171 85.8684 -48.3874 -24.1134 -5.0920 3.2724 81.8651 -0.0000 0.0000 -24.6466 -3.3680 6.6292 5.8458 -0.0000 0.0000 -10.6097 -5.6409 4.8970 41.5450 -0.0000 0.0000 -34.4813 -2.8382 1.6674 0.7525 -0.0000 -0.0000 -2.1836 3.3247 1.6196 11.5659 1.7562 2.2705 -1.0528 3.9936 -6.0695 -3.8798 7.1957 1.2057 20.6267 12.6974 -4.5578 -21.6692 -38.6614 -78.4777 -0.0000 -11.7337 -0.0000 -9.7159 -1.2799 -4.1607 -0.0000 0.0000 0.0000 -0.0000 0.0000 0.0000 15.5520 -16.8249 5.3289 -14.2013 34.1615 71.5514 -0.0001 21.2711 0.0000 -19.8698 -1.0299 -5.9102 -0.0000 -0.0000 0.0000 -0.0000 -0.0000 0.0000
 31.7204 30.7972 37.8706 47.2910 86.2508 -56.7364 -24.8593 -5.1435 2.8489 80.2389 -0.0000 0.0000 -24.9605 -3.1092 6.8142 5.9276 -0.0000 0.0000 -9.4211 -5.7881 4.9043 40.2237 -0.0000 0.0000 -33.4093 -3.0510 1.6668 -0.1447 -0.0000 0.0000 -2.2117 3.4632 1.6070 11.3476 1.8766 2.1959 -0.7921 3.7767 -6.1595 -4.1745 7.1467 1.3683 20.6919 12.8465 -4.6172 -21.1628 -38.4377 -78.1917 -0.0000 -10.2311 -0.0000 -9.7310 -0.6812 -5.6154 -0.0000 0.0000 -0.0000 -0.0000 0.0000 -0.0000 15.4734 -16.9696 5.3170 -14.3476 33.8561 71.4355 -0.0001 23.9102 0.0000 -20.0490 -0.6065 -6.0384 0.0000 -0.0000 0.0000 0.0000 -0.0000 0.0000
 32.0559 30.9696 37.8468 59.4587 86.6263 -68.8716 -25.5317 -5.2595 2.3459 78.3975 -0.0000 0.0000 -25.1014 -2.7769 7.4365 5.4887 -0.0000 -0.0000 -8.1347 -6.1743 4.8586 38.7941 0.0000 0.0000 -32.2387 -3.2496 1.7928 -0.8470 -0.0000 0.0000 -2.2503 3.5111 1.6112 11.2056 1.9052 2.1220 -0.8043 3.6983 -6.1742 -3.8705 7.0399 1.4184 20.7244 12.8681 -4.6042 -20.4721 -38.1828 -77.8080 -0.0000 -9.0361 -0.0000 -9.5702 0.0495 -7.0093 -0.0000 0.0000 -0.0000 -0.0000 0.0000 -0.0000 15.3580 -17.0702 5.1697 -14.5021 33.5681 71.4260 -0.0001 26.4650 0.0000 -20.1589 -0.0114 -5.6834 -0.0000 -0.0000 0.0000 -0.0000 -0.0000 0.0000
 32.4239 31.1496 37.8090 73.4183 87.1234 -82.7423 -25.6908 -5.4247 1.7367 76.2600 -0.0000 -0.0000 -25.2720 -2.3506 7.7299 5.4948 0.0000 0.0000 -6.4982 -6.6304 4.7071 37.3950 -0.0000 0.0000 -30.9565 -3.3275 2.2383 -1.4817 0.0000 -0.0000 -2.2799 3.4468 1.6354 11.4641 1.8026 1.9858 -0.7741 3.7486 -6.2522 -3.7439 6.9852 1.4495 20.3336 12.9450 -4.4534 -19.5261 -37.3532 -77.5598 -0.0000 -8.0011 -0.0000 -9.0187 0.6814 -8.3170 -0.0000 -0.0000 -0.0000 -0.0000 -0.0000 -0.0000 15.0205 -16.9047 4.7640 -14.6493 33.2166 71.6339 -0.0001 28.8860 0.0000 -20.3776 0.6225 -5.6476 -0.0000 -0.0000 0.0000 -0.0000 -0.0000 0.0000
 32.7491 31.3388 37.7796 87.4235 87.0318 -96.7180 -26.2615 -5.3864 1.3578 74.0030 -0.0000 0.0000 -25.2956 -2.1040 8.0860 5.3596 -0.0000 -0.0000 -5.4418 -6.9450 4.6717 36.1222 -0.0000 0.0000 -29.3625 -3.3621 2.4433 -2.5343 0.0000 0.0000 -2.2710 3.6042 1.6034 11.1676 1.9473 1.9355 -0.7677 3.6010 -6.2851 -3.4954 6.8265 1.4949 20.5072 13.0673 -4.5120 -18.9435 -37.2681 -77.0332 -0.0000 -7.0607 -0.0000 -8.6855 1.4498 -9.7337 0.0000 0.0000 0.0000 0.0000 0.0000 0.0000 15.1018 -17.0508 4.8064 -14.6909 32.8572 71.4020 -0.0001 31.7012 0.0000 -20.5352 0.8846 -5.3642 -0.0000 -0.0000 0.0000 -0.0000 -0.0000 0.0000
 33.0849 31.5303 37.7382 101.8814 86.7670 -111.1430 -26.7016 -5.4416 0.9138 71.5116 -0.0000 0.0000 -25.3289 -1.8313 8.4547 5.2428 0.0000 -0.0000 -4.3765 -7.4552 4.5955 34.9126 0.0000 0.0000 -27.6392 -3.2678 2.4368 -3.7116 0.0000 -0.0000 -2.3153 3.6758 1.5948 10.9599 2.0074 1.8886 -0.7135 3.4590 -6.2950 -3.2897 6.7073 1.4447 20.6427 13.1371 -4.5043 -18.3412 -37.0256 -76.5624 -0.0000 -6.2497 -0.0000 -7.8655 2.3800 -11.1538 -0.0000 0.0000 -0.0000 -0.0000 0.0000 -0.0000 15.0854 -17.1664 4.6914 -14.7307 32.5750 71.3050 -0.0001 34.3019 0.0000 -20.7664 1.3345 -4.9747 0.0000 -0.0000 0.0000 0.0000 -0.0000 0.0000
 33.4533 31.7208 37.6767 116.6513 86.5789 -125.7588 -26.6079 -5.4053 0.3254 68.7184 -0.0000 0.0000 -25.3866 -1.4888 8.9151 5.1711 0.0000 -0.0000 -2.9626 -8.0787 4.3466 33.7011 -0.0000 0.0000 -25.9613 -3.1326 2.8854 -4.5705 0.0000 0.0000 -2.3837 3.6369 1.5458 11.2385 1.9373 1.7610 -0.7577 3.5193 -6.2746 -3.0463 6.5976 1.3931 20.2708 13.2207 -4.2800 -17.3972 -36.5195 -76.2923 -0.0000 -5.5102 -0.0000 -7.4196 2.7169 -11.7426 -0.0000 0.0000 -0.0000 -0.0000 0.0000 -0.0000 14.7829 -17.0244 4.3215 -14.7022 32.3236 71.3653 -0.0002 36.6724 0.0001 -21.2124 2.0732 -4.7060 0.0000 0.0000 -0.0000 0.0000 0.0000 -0.0000
 33.7876 31.9158 37.6370 123.3261 86.0741 -132.4241 -26.8232 -5.1623 0.1241 65.7848 -0.0000 0.0000 -25.3866 -1.3337 8.8459 5.0594 0.0000 0.0000 -2.1008 -8.4056 4.3301 32.6451 -0.0000 0.0000 -23.9762 -3.0279 2.8705 -5.9112 -0.0000 -0.0000 -2.4042 3.7973 1.5030 10.9471 2.0889 1.7171 -0.7389 3.3859 -6.2636 -2.8253 6.4609 1.4210 20.5092 13.3544 -4.3259 -16.8753 -36.3969 -75.7329 -0.0000 -4.8109 -0.0000 -7.0040 3.1552 -12.5637 -0.0000 0.0000 -0.0000 -0.0000 0.0000 -0.0000 14.8886 -17.1467 4.3513 -14.7020 32.0218 71.1582 -0.0002 39.2266 0.0001 -21.6469 2.5516 -4.1325 -0.0000 -0.0000 -0.0000 -0.0000 -0.0000 -0.0000
 34.1325 32.1042 37.5830 129.9681 85.4824 -139.0323 -26.8688 -5.0529 -0.1849 62.7324 -0.0000 0.0000 -25.3324 -1.2054 9.1223 5.1291 0.0000 0.0000 -1.2845 -9.0995 4.1963 31.8672 -0.0000 0.0000 -21.9589 -2.7106 2.9802 -7.3792 0.0000 -0.0000 -2.4688 3.8685 1.4595 10.8000 2.1506 1.6680 -0.7839 3.3444 -6.3002 -2.4992 6.3399 1.5471 20.5292 13.4186 -4.2495 -16.0964 -36.5695 -75.2696 -0.0000 -3.9028 -0.0000 -7.1146 2.5202 -12.4084 0.0000 -0.0000 0.0000 0.0000 -0.0000 0.0000 14.7211 -17.2521 4.2470 -14.4439 31.9031 70.9491 -0.0002 41.5983 0.0001 -22.2808 3.1674 -3.9352 0.0000 -0.0000 -0.0000 0.0000 -0.0000 -0.0000
 34.5060 32.2839 37.5022 136.8751 85.0451 -145.7192 -26.4495 -4.6983 -0.6803 59.3708 -0.0000 0.0000 -25.1219 -0.7204 9.5265 4.9772 -0.0000 -0.0000 -0.1978 -9.7705 3.8306 31.0517 -0.0000 0.0000 -20.1350 -2.3660 3.4323 -8.2559 -0.0000 0.0000 -2.5978 3.8742 1.3420 11.0976 2.1356 1.5524 -0.8406 3.4362 -6.2996 -2.2493 6.2352 1.4904 20.2337 13.5312 -3.9804 -15.4622 -35.6324 -75.1767 -0.0000 -3.6411 -0.0000 -6.4898 3.5392 -12.7035 0.0000 0.0000 0.0000 0.0000 0.0000 0.0000 14.5324 -17.0946 3.8658 -14.5357 31.6338 71.0841 -0.0002 43.5275 0.0001 -22.8797 4.0501 -3.3865 0.0000 0.0000 0.0000 0.0000 0.0000 0.0000
 34.8498 32.4624 37.4511 139.0894 84.5174 -147.9307 -26.2485 -4.1392 -0.7574 55.8795 -0.0000 0.0000 -24.9498 -0.4281 9.4994 5.0952 -0.0000 0.0000 0.3938 -10.2110 3.7524 30.4714 0.0000 -0.0000 -18.0359 -2.0775 3.3646 -9.9051 -0.0000 0.0000 -2.6410 4.0314 1.2925 10.8179 2.2822 1.4944 -0.7437 3.3216 -6.3261 -2.1453 6.1541 1.6169 20.4877 13.6884 -3.9832 -14.9762 -35.5655 -74.6200 -0.0000 -3.0016 -0.0000 -6.4508 3.2812 -13.1869 0.0000 -0.0000 0.0000 0.0000 -0.0000 0.0000 14.5417 -17.2183 3.7791 -14.5936 31.3588 71.1335 -0.0002 45.3452 0.0001 -23.5683 4.8641 -2.6639 -0.0000 -0.0000 0.0000 -0.0000 -0.0000 0.0000
 35.2075 32.6282 37.3826 142.4117 83.9212 -151.2044 -25.8369 -3.6788 -0.9696 52.3017 -0.0000 0.0000 -24.6483 -0.1914 9.3570 5.0628 0.0000 0.0000 1.1087 -10.8531 3.5716 29.9174 -0.0000 0.0000 -16.0937 -1.7007 3.9942 -10.9505 -0.0000 -0.0000 -2.7786 4.0853 1.2410 10.8107 2.3291 1.4384 -0.7236 3.3054 -6.3326 -1.8947 6.0677 1.6882 20.4733 13.7740 -3.8567 -14.3997 -35.5298 -74.2493 -0.0000 -2.2986 -0.0000 -6.3964 3.0445 -13.1336 -0.0000 0.0000 0.0000 -0.0000 0.0000 0.0000 14.4127 -17.2616 3.5395 -14.6643 31.0739 71.3161 -0.0002 46.9654 0.0001 -24.6783 5.6542 -2.0673 -0.0000 0.0000 -0.0000 -0.0000 0.0000 -0.0000
 35.5977 32.7790 37.2953 146.8020 83.5719 -155.3886 -24.9278 -2.8973 -1.2654 48.5543 0.0000 0.0000 -24.4824 -0.0170 9.3562 5.2700 0.0000 -0.0000 2.1190 -11.3812 3.2108 29.3482 -0.0000 0.0000 -14.2087 -1.2506 4.2659 -12.2634 -0.0000 -0.0000 -2.9156 4.1389 1.0999 11.2236 2.3711 1.3362 -0.7690 3.4514 -6.3288 -1.7327 5.9329 1.7724 20.2147 13.9523 -3.6208 -13.7628 -35.0944 -74.0500 -0.0000 -1.9933 -0.0000 -6.3463 3.1524 -12.9796 -0.0000 -0.0000 -0.0000 -0.0000 -0.0000 -0.0000 14.0439 -17.1274 3.0519 -14.7669 30.6110 71.7732 -0.0002 48.3064 0.0001 -25.6836 6.3392 -1.4111 -0.0000 -0.0000 -0.0000 -0.0000 -0.0000 -0.0000
 35.9496 32.9199 37.2353 147.6985 83.0162 -156.3243 -24.4775 -2.1207 -1.2519 44.9563 -0.0000 -0.0000 -24.3298 -0.3549 9.6548 5.4291 -0.0000 0.0000 2.5551 -11.6090 3.1783 29.0112 -0.0000 0.0000 -12.3232 -1.1159 4.5463 -13.3557 -0.0000 -0.0000 -2.9716 4.2501 1.0558 10.8676 2.4773 1.3023 -0.6588 3.3609 -6.3191 -1.4725 5.8728 1.9473 20.4883 14.0978 -3.5697 -13.3235 -35.0242 -73.5763 -0.0000 -1.6012 -0.0000 -6.7849 3.1173 -12.8263 -0.0000 -0.0000 0.0000 -0.0000 -0.0000 0.0000 14.0726 -17.2531 2.9241 -14.8647 30.4030 71.9694 -0.0002 49.4480 0.0001 -26.7600 7.0882 -0.5457 -0.0000 0.0000 -0.0000 -0.0000 0.0000 -0.0000
 36.3241 33.0426 37.1627 150.1230 82.3564 -158.7480 -23.7263 -1.4662 -1.3867 41.3089 0.0000 -0.0000 -24.1815 -0.8198 9.3906 5.4736 0.0000 -0.0000 3.2286 -12.0889 3.0693 28.6570 0.0000 -0.0000 -10.5965 -0.7609 5.2638 -13.5471 -0.0000 0.0000 -3.1339 4.2502 1.0167 10.9063 2.4790 1.2804 -0.6374 3.3292 -6.3332 -1.1941 5.7556 2.0900 20.4537 14.1031 -3.3721 -12.8538 -34.7989 -73.2987 -0.0000 -1.0225 -0.0000 -6.6852 2.8930 -12.5195 0.0000 0.0000 -0.0000 0.0000 0.0000 -0.0000 13.9271 -17.2859 2.6529 -14.9767 29.9799 72.3642 -0.0003 50.5104 0.0001 -27.9175 7.4721 0.1594 0.0000 -0.0000 0.0000 0.0000 -0.0000 0.0000
 36.7101 33.1436 37.0882 152.7349 81.8211 -161.3247 -22.7796 -0.6459 -1.5026 37.7429 0.0000 0.0000 -23.8323 -1.3456 8.6307 4.8640 -0.0000 0.0000 3.9531 -12.3342 2.9403 28.4447 0.0000 0.0000 -8.9958 -0.5207 5.9531 -14.1553 0.0000 -0.0000 -3.2333 4.2659 0.9432 11.0068 2.4943 1.2430 -0.5545 3.3242 -6.3277 -1.1269 5.6629 2.2482 20.3719 14.1675 -3.1381 -12.3512 -34.4246 -73.0477 -0.0000 -0.7536 -0.0000 -6.5165 3.1370 -12.1942 -0.0000 0.0000 -0.0000 -0.0000 0.0000 -0.0000 13.6838 -17.2488 2.3028 -14.9807 29.6042 72.7860 -0.0003 51.3781 0.0001 -29.1182 7.8164 0.8219 -0.0000 0.0000 0.0000 -0.0000 0.0000 0.0000
 37.1025 33.2249 37.0072 155.2698 81.3099 -163.8206 -21.7730 0.2474 -1.6451 34.4218 0.0000 0.0000 -23.5801 -1.8564 8.3056 4.6186 -0.0000 0.0000 4.6599 -12.4055 2.8003 28.3679 0.0000 -0.0000 -7.4401 -0.2919 6.7225 -14.9302 0.0000 0.0000 -3.2808 4.2835 0.8671 11.0472 2.5108 1.2049 -0.5036 3.3554 -6.3142 -0.8985 5.5411 2.4481 20.3110 14.2700 -2.9135 -11.9396 -34.0444 -72.8439 -0.0000 -0.3917 -0.0000 -7.1342 3.0659 -12.0968 0.0000 0.0000 0.0000 0.0000 0.0000 0.0000 13.5460 -17.2340 2.0184 -14.9943 29.3270 73.1442 -0.0003 52.0813 0.0001 -30.1230 7.9327 1.3679 0.0000 -0.0000 0.0000 0.0000 -0.0000 0.0000
 37.4939 33.2821 36.9254 157.3324 80.8036 -165.8345 -20.8133 1.1473 -1.8056 31.4381 -0.0000 0.0000 -23.3157 -2.2126 7.8864 4.6326 -0.0000 -0.0000 5.1391 -12.5612 2.5763 28.7034 -0.0000 0.0000 -6.0844 0.0601 7.6263 -15.3123 0.0000 0.0000 -3.3216 4.2977 0.7970 11.0322 2.5166 1.1392 -0.4214 3.3524 -6.3091 -0.7231 5.4408 2.5972 20.2918 14.4080 -2.7129 -11.4378 -33.8550 -72.5313 -0.0000 -0.2474 -0.0000 -7.1677 3.6044 -11.8630 -0.0000 0.0000 -0.0000 -0.0000 0.0000 -0.0000 13.4210 -17.2637 1.7197 -15.0393 29.1943 73.5642 -0.0003 52.5120 0.0001 -31.1724 8.2222 1.8644 -0.0000 -0.0000 0.0000 -0.0000 -0.0000 0.0000
 37.8614 33.3177 36.8539 157.3790 80.4753 -165.9723 -20.2598 2.2486 -1.7785 28.9882 -0.0000 0.0000 -23.0463 -2.3275 7.5760 4.6813 0.0000 0.0000 5.1449 -12.1360 2.4774 29.3670 0.0000 -0.0000 -4.8366 0.2283 8.6530 -15.6742 -0.0000 -0.0000 -3.4011 4.4093 0.7725 10.7035 2.6256 1.1139 -0.3538 3.3543 -6.2506 -0.3727 5.4399 2.7281 20.2815 14.6664 -2.5447 -10.9820 -33.8657 -72.2753 0.0000 0.1730 -0.0000 -6.9536 3.5228 -11.5230 -0.0000 0.0000 -0.0000 -0.0000 0.0000 -0.0000 13.4390 -17.3269 1.5320 -15.1069 29.2357 73.8552 -0.0003 52.7582 0.0001 -31.8825 8.3199 2.3177 -0.0000 0.0000 -0.0000 -0.0000 0.0000 -0.0000
 38.2753 33.3305 36.7467 160.6929 79.9148 -169.1655 -19.0929 2.9906 -2.1346 26.7587 -0.0000 0.0000 -22.7557 -2.0949 7.7474 4.7370 -0.0000 -0.0000 5.7340 -12.2070 2.1381 30.0808 -0.0000 0.0000 -3.7370 0.7334 9.4743 -15.8963 0.0000 0.0000 -3.4985 4.3372 0.7346 11.1767 2.5417 1.0203 -0.4439 3.4938 -6.2499 -0.2005 5.2578 2.7964 19.8603 14.5551 -2.2153 -10.5490 -33.2474 -72.2069 0.0000 0.6843 -0.0000 -6.8437 3.4637 -11.4083 -0.0000 -0.0000 0.0000 -0.0000 -0.0000 0.0000 12.9180 -17.3304 1.1751 -14.9341 29.1626 74.2387 -0.0003 52.8658 0.0001 -32.4523 8.3859 2.8364 -0.0000 -0.0000 -0.0000 -0.0000 -0.0000 -0.0000
 38.6442 33.3230 36.6744 160.8069 79.5752 -169.3698 -18.6036 3.9240 -2.1448 25.0959 0.0000 -0.0000 -22.6073 -1.5965 7.9360 4.4699 0.0000 0.0000 5.4989 -11.5716 2.0164 31.2588 -0.0000 0.0000 -2.6974 0.8938 10.5102 -16.3559 -0.0000 0.0000 -3.5564 4.4345 0.7094 10.8789 2.6364 0.9958 -0.2540 3.3841 -6.2389 -0.2850 5.2530 2.9105 20.0147 14.7223 -2.1368 -10.4153 -33.0792 -71.9222 0.0000 1.0616 -0.0000 -6.7024 3.7620 -11.4394 0.0000 0.0000 -0.0000 0.0000 0.0000 -0.0000 13.1183 -17.3417 1.1231 -15.0985 29.1700 74.4801 -0.0003 52.9178 0.0001 -32.6665 8.3212 2.8700 -0.0000 -0.0000 -0.0000 -0.0000 -0.0000 -0.0000
 39.0334 33.2906 36.5822 162.1434 78.9954 -170.7158 -17.9756 4.5290 -2.3171 23.8426 -0.0000 0.0000 -22.6330 -1.0868 7.8415 4.4115 0.0000 0.0000 5.4855 -11.4265 1.7601 32.5078 -0.0000 0.0000 -1.7709 1.3638 11.6455 -16.4462 0.0000 -0.0000 -3.6531 4.3797 0.6939 10.8850 2.5782 0.9642 -0.0204 3.3506 -6.2811 -0.5848 5.2665 3.0485 20.1348 14.6263 -2.0329 -10.1478 -32.9084 -71.6071 0.0000 1.2872 -0.0000 -6.8173 4.0808 -11.4050 -0.0000 -0.0000 0.0000 -0.0000 -0.0000 0.0000 13.0942 -17.4218 1.0379 -15.1580 29.3216 74.6921 -0.0003 52.7612 0.0001 -32.9735 8.3644 2.8042 0.0000 0.0000 -0.0000 0.0000 0.0000 -0.0000
 39.3998 33.2354 36.4982 162.5252 78.6646 -171.1884 -17.5342 5.2359 -2.3586 22.9176 -0.0000 -0.0000 -22.7890 -0.3287 8.3641 4.3643 0.0000 0.0000 5.0528 -10.7762 1.5708 34.2025 0.0000 -0.0000 -0.9761 1.6356 12.8630 -16.2478 0.0000 -0.0000 -3.6810 4.4312 0.6880 10.7298 2.6343 0.9761 -0.1428 3.4467 -6.1844 -0.3333 5.2345 2.8630 20.0366 14.7654 -1.9734 -9.9746 -32.7626 -71.4251 0.0000 1.7902 -0.0000 -6.5026 4.2115 -11.3577 -0.0000 -0.0000 -0.0000 -0.0000 -0.0000 -0.0000 12.9954 -17.4374 1.0206 -14.9982 29.4925 74.7096 -0.0003 52.5911 0.0001 -32.5876 8.3395 2.6592 0.0000 0.0000 -0.0000 0.0000 0.0000 -0.0000
 39.8154 33.1561 36.3871 165.5643 78.1237 -174.1061 -16.4784 5.7711 -2.6428 22.2451 -0.0000 -0.0000 -22.9624 0.2633 8.9177 4.6540 0.0000 0.0000 5.2926 -10.7405 1.1200 35.8037 0.0000 0.0000 -0.2139 2.4037 13.9434 -16.1746 -0.0000 0.0000 -3.6701 4.2993 0.6177 11.2570 2.5106 0.9580 -0.3428 3.7238 -6.1689 -0.2763 5.0865 2.7477 19.6857 14.7285 -1.9170 -9.6774 -32.3462 -71.2346 0.0000 2.2741 -0.0000 -6.0773 3.9448 -11.1710 -0.0000 0.0000 -0.0000 -0.0000 0.0000 -0.0000 12.8732 -17.5424 1.0201 -15.1301 29.9498 74.7852 -0.0003 52.0952 0.0001 -31.7766 8.2694 2.7696 -0.0000 0.0000 0.0000 -0.0000 0.0000 0.0000
 40.1780 33.0540 36.3062 165.8674 77.7803 -174.5139 -16.1642 6.5154 -2.5934 22.0330 0.0000 0.0000 -23.1029 0.6365 9.4144 4.7625 -0.0000 -0.0000 4.6918 -10.2215 0.8750 37.8508 0.0000 0.0000 0.4705 3.0067 15.0442 -15.7193 -0.0000 -0.0000 -3.6835 4.3371 0.6089 11.0542 2.5554 0.9823 -0.2593 3.7220 -6.1375 -0.3960 5.1289 2.7026 19.7991 14.7320 -1.9010 -9.5574 -32.3352 -70.9816 0.0000 2.4401 -0.0000 -6.0908 4.4245 -11.0588 0.0000 -0.0000 -0.0000 0.0000 -0.0000 -0.0000 12.8827 -17.4758 1.0878 -14.8970 30.1055 74.6964 -0.0003 51.7790 0.0001 -30.9802 7.8600 2.7001 -0.0000 -0.0000 0.0000 -0.0000 -0.0000 0.0000
 40.5541 32.9261 36.2133 166.6068 77.2286 -175.3390 -15.8397 6.6711 -2.6200 22.1479 -0.0000 0.0000 -23.2291 0.9435 10.0986 5.0372 0.0000 0.0000 4.2413 -10.0177 0.5935 39.8508 0.0000 -0.0000 1.0905 3.7722 16.0396 -14.6525 0.0000 0.0000 -3.6912 4.2694 0.6021 10.8923 2.5019 1.0415 -0.1910 3.6913 -6.2888 -0.4816 5.1155 2.8614 19.9810 14.6094 -1.8947 -9.5795 -32.2827 -70.8073 0.0000 2.8307 -0.0000 -5.7927 4.4902 -11.0525 -0.0000 0.0000 -0.0000 -0.0000 0.0000 -0.0000 13.0362 -17.4537 1.2181 -14.7643 30.2785 74.5770 -0.0003 51.2667 0.0001 -30.6296 7.7011 2.7566 0.0000 -0.0000 -0.0000 0.0000 -0.0000 -0.0000
 40.9258 32.7697 36.1225 167.6463 76.6324 -176.4454 -15.4701 6.6679 -2.6278 22.4188 0.0000 0.0000 -22.8594 0.8859 9.5698 4.5447 -0.0000 0.0000 3.8051 -9.9841 0.2548 41.9727 0.0000 -0.0000 1.6741 4.6071 17.1796 -13.7164 -0.0000 -0.0000 -3.6720 4.1413 0.5661 10.9128 2.3958 1.1256 -0.2557 3.7722 -6.2358 -0.5372 5.1067 2.6655 19.9864 14.5630 -1.8524 -9.5566 -32.2234 -70.7022 0.0000 2.9935 -0.0000 -5.8207 4.7182 -10.9764 -0.0000 0.0000 0.0000 -0.0000 0.0000 0.0000 13.0801 -17.4697 1.3134 -14.6664 30.5179 74.5125 -0.0003 50.6300 0.0001 -30.3302 7.6322 2.8399 -0.0000 0.0000 -0.0000 -0.0000 0.0000 -0.0000
 41.2887 32.5928 36.0270 168.5776 76.0601 -177.4033 -15.1857 6.3611 -2.6753 23.0469 0.0000 0.0000 -22.2722 0.8026 9.0159 4.8210 -0.0000 -0.0000 3.2644 -9.8327 -0.1524 44.2191 -0.0000 0.0000 2.1664 5.5599 18.1005 -12.5656 -0.0000 -0.0000 -3.6298 4.0253 0.5008 10.9643 2.3017 1.2022 -0.3845 3.8759 -6.2189 -0.6663 5.0973 2.5731 19.9301 14.4883 -1.8507 -9.5089 -32.1978 -70.5688 0.0000 3.0849 -0.0000 -5.6062 4.9130 -11.0086 -0.0000 0.0000 -0.0000 -0.0000 0.0000 -0.0000 13.1158 -17.4162 1.4591 -14.4521 30.7093 74.3103 -0.0003 50.0050 0.0001 -30.1447 7.3376 2.9727 0.0000 -0.0000 -0.0000 0.0000 -0.0000 -0.0000
 41.6409 32.3857 35.9358 169.0470 75.4799 -177.9198 -15.0542 5.9911 -2.7208 23.9100 -0.0000 0.0000 -21.2891 0.5128 7.7348 5.2131 0.0000 0.0000 2.5178 -9.7005 -0.5784 46.6598 0.0000 0.0000 2.2497 6.4014 19.2766 -7.7794 0.0000 -0.0000 -3.6175 3.9428 0.4540 10.9563 2.2323 1.2451 -0.5096 3.9237 -6.1623 -0.8803 5.0619 2.4525 19.7086 14.4116 -1.7150 -9.3748 -32.2640 -70.5265 0.0000 3.1355 -0.0000 -5.4346 4.7886 -10.9748 0.0000 0.0000 0.0000 0.0000 0.0000 0.0000 13.0283 -17.4581 1.5413 -14.0981 30.9179 74.1692 -0.0002 49.3090 0.0001 -30.1671 7.0634 3.1630 0.0000 0.0000 -0.0000 0.0000 0.0000 -0.0000
 41.9943 32.1573 35.8152 169.6508 74.8195 -178.3501 -14.9667 5.8631 -3.1040 25.2704 -0.0000 0.0000 -20.3976 -0.0847 8.7337 5.9453 0.0000 0.0000 1.7589 -9.7872 -1.3484 49.1190 -0.0000 -0.0000 2.6550 7.5900 19.8879 -6.1501 -0.0000 0.0000 -3.6072 3.7585 0.3033 11.0226 2.0601 1.2515 -0.6531 4.0127 -6.1864 -1.0949 5.1127 2.2980 19.6899 14.3773 -1.8088 -9.3944 -32.2788 -70.3393 0.0000 2.9746 -0.0000 -5.2917 5.1210 -11.4186 0.0000 -0.0000 -0.0000 0.0000 -0.0000 -0.0000 13.0829 -17.4166 1.6158 -13.8591 31.1819 73.9807 -0.0002 48.5184 0.0001 -30.3536 6.9584 3.2923 -0.0000 0.0000 -0.0000 -0.0000 0.0000 -0.0000
 42.3325 31.9096 35.6960 170.1703 74.1125 -178.6458 -15.3513 5.9695 -3.5264 27.5730 -0.0000 0.0000 -21.7723 -1.6696 11.2312 8.8416 0.0000 -0.0000 0.8882 -9.8320 -2.1675 51.6896 0.0000 0.0000 2.9787 8.7172 20.2263 -4.1292 0.0000 -0.0000 -3.5006 3.6388 0.1160 10.9102 1.9415 1.2083 -0.5916 3.9276 -6.1785 -1.5576 5.1480 2.1845 19.6907 14.1843 -1.7322 -9.4486 -32.4804 -70.2982 0.0000 2.9195 -0.0000 -5.3640 5.0626 -11.5500 0.0000 -0.0000 -0.0000 0.0000 -0.0000 -0.0000 13.2375 -17.4161 1.7541 -13.5379 31.3033 73.7541 -0.0002 47.6996 0.0001 -30.4641 6.7267 3.5441 -0.0000 0.0000 0.0000 -0.0000 0.0000 0.0000
 42.6499 31.6541 35.5597 170.3969 73.5525 -178.4824 -16.0725 5.6748 -4.1443 30.2408 0.0000 -0.0000 -22.9303 -2.4744 11.4957 5.8112 0.0000 -0.0000 -0.2122 -9.6966 -3.2174 54.3703 0.0000 0.0000 3.1758 9.8044 20.2440 -1.3943 0.0000 -0.0000 -3.3720 3.5521 -0.1098 10.7605 1.8240 1.0210 -0.5261 3.8441 -6.1855 -2.1144 5.2762 2.0395 19.7692 14.0695 -1.8740 -9.5700 -32.6301 -70.0824 0.0000 2.7550 -0.0000 -5.3890 4.9633 -11.7992 0.0000 0.0000 0.0000 0.0000 0.0000 0.0000 13.3855 -17.3535 1.9431 -13.1852 31.4970 73.4544 -0.0002 46.7686 0.0001 -30.6432 6.4898 3.8003 -0.0000 0.0000 -0.0000 -0.0000 0.0000 -0.0000
 42.9661 31.4012 35.4335 170.8702 72.9389 -178.6846 -17.0068 4.8114 -4.6948 33.3565 -0.0000 0.0000 -24.2286 -1.7834 11.7357 7.4293 -0.0000 -0.0000 -1.2207 -9.5208 -4.0563 57.0032 0.0000 0.0000 3.3710 10.5057 20.0409 1.1760 -0.0000 0.0000 -3.2382 3.4879 -0.2426 10.7729 1.7277 0.8465 -0.4515 3.7094 -6.0960 -2.8232 5.3615 1.7337 19.7602 13.8621 -1.9726 -9.7685 -32.8314 -69.8788 0.0000 2.5507 -0.0000 -5.6860 4.7615 -12.0696 -0.0000 0.0000 -0.0000 -0.0000 0.0000 -0.0000 13.5803 -17.3545 2.2344 -12.9340 31.6701 73.1688 -0.0002 45.7044 0.0001 -30.8407 6.2041 4.0811 0.0000 -0.0000 -0.0000 0.0000 -0.0000 -0.0000
 43.2454 31.1533 35.2917 170.7117 72.0502 -177.9420 -18.1757 3.5108 -5.8143 36.4172 0.0000 -0.0000 -25.5760 -0.9410 11.5010 6.3715 0.0000 -0.0000 -2.5822 -9.4544 -5.2724 59.8551 -0.0000 0.0000 2.9159 10.5498 19.7965 2.1026 -0.0000 -0.0000 -3.1292 3.3491 -0.5271 10.7326 1.5025 0.4267 -0.5758 3.5471 -5.9094 -3.3064 5.4783 1.3673 19.9728 13.6944 -2.1754 -10.3113 -33.2909 -69.5827 0.0000 2.3960 -0.0000 -5.9731 4.5288 -12.3738 -0.0000 0.0000 -0.0000 -0.0000 0.0000 -0.0000 13.8625 -17.5075 2.6718 -12.7994 31.9863 72.9031 -0.0002 44.4586 0.0001 -30.9083 5.9208 4.3410 -0.0000 0.0000 0.0000 -0.0000 0.0000 0.0000
 43.5321 30.9270 35.1802 170.8496 70.9875 -177.7641 -19.0460 2.6579 -6.5481 39.1235 0.0000 -0.0000 -26.5904 -0.8698 12.1626 6.0185 0.0000 0.0000 -3.7913 -9.4756 -6.0649 62.5989 -0.0000 0.0000 1.9546 9.7342 19.6752 1.9491 -0.0000 -0.0000 -3.0519 3.1561 -0.7061 10.9362 1.2618 0.1970 -0.9571 3.4424 -5.8380 -3.4814 5.4268 1.2257 20.1880 13.4378 -2.3722 -11.1057 -33.7308 -69.3452 0.0000 2.1734 -0.0000 -6.3113 4.2218 -12.6750 0.0000 -0.0000 0.0000 0.0000 -0.0000 0.0000 14.1541 -17.5836 3.0981 -12.7218 32.1044 72.7137 -0.0002 43.2045 0.0001 -30.9932 5.5821 4.5296 -0.0000 -0.0000 -0.0000 -0.0000 -0.0000 -0.0000
 43.8264 30.7197 35.0665 170.9218 69.9448 -177.5273 -19.5446 2.3938 -7.0817 41.2538 0.0000 -0.0000 -27.7575 -1.3768 12.3332 5.7616 -0.0000 -0.0000 -5.0045 -9.3331 -6.7507 65.2313 0.0000 0.0000 0.4628 8.3710 19.7874 1.9529 0.0000 -0.0000 -3.1163 2.9500 -0.8613 11.3417 1.0012 -0.0387 -1.1796 3.3044 -5.8871 -4.1389 5.4497 1.2706 20.3695 13.2666 -2.6756 -12.0279 -34.2402 -69.0854 0.0000 1.9230 -0.0000 -6.3976 3.8838 -12.8480 0.0000 -0.0000 0.0000 0.0000 -0.0000 0.0000 14.3424 -17.6357 3.4000 -12.6910 32.2696 72.7067 -0.0002 41.7645 0.0001 -30.9428 5.1826 4.7485 0.0000 0.0000 0.0000 0.0000 0.0000 0.0000
 44.1198 30.5291 34.9635 171.0413 68.8944 -177.6074 -19.7797 2.2562 -7.2568 42.9751 -0.0000 0.0000 -29.0142 -2.0466 12.2587 5.7077 0.0000 -0.0000 -6.2273 -9.1964 -7.0899 67.7810 -0.0000 -0.0000 -1.2599 6.7565 18.8951 1.8987 -0.0000 0.0000 -3.0392 2.7625 -0.8542 11.5264 0.7935 -0.1207 -1.4109 3.1525 -5.9964 -4.6520 5.4391 1.3659 20.3578 13.1510 -2.9463 -12.7621 -34.8933 -68.8822 0.0000 1.6150 -0.0000 -6.6486 3.3384 -13.0396 0.0000 -0.0000 -0.0000 0.0000 -0.0000 -0.0000 14.5535 -17.7606 3.6285 -12.5166 32.5403 72.6930 -0.0002 40.2402 0.0001 -30.7577 4.7733 4.7228 -0.0000 -0.0000 -0.0000 -0.0000 -0.0000 -0.0000
 44.4238 30.3631 34.8625 171.3261 67.8723 -177.9412 -19.6968 2.0804 -7.3070 44.2406 -0.0000 0.0000 -30.2262 -2.7303 12.3452 5.7027 0.0000 0.0000 -7.3359 -8.9728 -7.2258 70.0792 0.0000 0.0000 -2.9837 5.0244 17.7007 1.7044 -0.0000 0.0000 -2.9275 2.6533 -0.8285 11.6117 0.6831 -0.1245 -1.4002 2.9529 -6.0372 -5.1731 5.3448 1.3967 20.3418 12.8220 -3.0426 -13.5976 -35.1917 -68.9014 0.0000 1.1111 -0.0000 -6.5396 3.1365 -12.9260 -0.0000 0.0000 -0.0000 -0.0000 0.0000 -0.0000 14.7521 -17.7851 3.8483 -12.0713 32.6459 72.6071 -0.0002 38.6673 0.0001 -30.5122 4.4322 4.5752 0.0000 0.0000 -0.0000 0.0000 0.0000 -0.0000
 44.7231 30.2253 34.7435 171.5600 66.9623 -178.2051 -19.4270 1.6922 -7.4669 45.0827 -0.0000 0.0000 -31.3549 -3.0324 11.9510 5.8678 0.0000 -0.0000 -8.5591 -8.7283 -7.4229 72.2677 -0.0000 0.0000 -4.8406 3.2434 15.7812 1.2857 0.0000 -0.0000 -2.8313 2.6090 -0.7618 11.6905 0.6366 -0.1286 -1.3107 2.7699 -6.0926 -5.7050 5.3298 1.3628 20.1567 12.5052 -3.2245 -14.2946 -35.4904 -68.9096 0.0000 0.4769 -0.0000 -6.4926 2.8493 -12.7206 -0.0000 0.0000 -0.0000 -0.0000 0.0000 -0.0000 14.8327 -17.8522 3.9745 -11.4813 32.9292 72.5258 -0.0002 36.9321 0.0001 -30.0134 4.1915 4.2812 0.0000 0.0000 0.0000 0.0000 0.0000 0.0000
 45.0131 30.1218 34.6156 171.6285 66.1836 -178.2698 -19.0883 1.1141 -7.7304 45.5894 0.0000 0.0000 -32.2393 -3.1029 11.9415 5.8964 -0.0000 0.0000 -9.8825 -8.2698 -7.5774 74.2256 0.0000 0.0000 -6.6053 1.4915 13.2036 1.6295 -0.0000 -0.0000 -2.7152 2.6256 -0.7051 11.6505 0.6341 -0.2055 -1.3073 2.5965 -6.1040 -5.8655 5.3468 1.3330 20.2301 12.4030 -3.5904 -15.2184 -36.0986 -68.8693 -0.0000 -0.2883 -0.0000 -6.8002 2.6595 -12.2642 -0.0000 0.0000 0.0000 -0.0000 0.0000 0.0000 14.9749 -17.9370 4.1993 -10.8328 33.4582 72.3348 -0.0001 35.0207 0.0000 -29.6647 3.9828 4.1183 -0.0000 0.0000 0.0000 -0.0000 0.0000 0.0000
 45.3168 30.0512 34.4826 171.8101 65.5376 -178.4708 -18.5784 0.6071 -7.9088 45.9147 -0.0000 0.0000 -32.9332 -3.1273 11.9961 5.7498 -0.0000 -0.0000 -11.0771 -7.6452 -7.5694 75.8438 -0.0000 0.0000 -8.2929 -0.1766 11.2890 1.8842 0.0000 -0.0000 -2.6451 2.6895 -0.6621 11.6326 0.6910 -0.2371 -1.0963 2.4106 -6.0943 -6.0741 5.3907 1.2987 20.2834 12.1489 -3.8257 -16.1108 -36.2344 -69.0096 -0.0000 -1.4335 -0.0000 -6.7891 2.6666 -11.6592 -0.0000 0.0000 0.0000 -0.0000 0.0000 0.0000 15.2447 -17.8293 4.4119 -10.1384 34.0384 72.0713 -0.0001 33.0571 0.0000 -29.5276 3.8445 3.8662 -0.0000 0.0000 -0.0000 -0.0000 0.0000 -0.0000
 45.6253 30.0116 34.3439 172.0342 65.0169 -178.7151 -17.8979 0.2592 -7.9944 46.0000 -0.0000 0.0000 -33.4478 -3.2312 12.0063 5.5485 -0.0000 0.0000 -12.2242 -6.8928 -7.4546 77.1601 -0.0000 -0.0000 -9.8474 -1.7082 10.0248 1.8620 -0.0000 -0.0000 -2.5690 2.7899 -0.6087 11.6196 0.7787 -0.2914 -0.9665 2.2797 -6.0974 -6.0117 5.4221 1.3094 20.3533 12.0056 -4.0710 -16.9955 -36.4273 -69.2111 -0.0000 -2.7631 -0.0000 -6.7761 2.5202 -11.0016 0.0000 0.0000 -0.0000 0.0000 0.0000 -0.0000 15.3848 -17.8328 4.5383 -9.4781 34.8200 71.9689 -0.0001 30.8296 0.0000 -29.2507 3.5682 4.0267 -0.0000 -0.0000 0.0000 -0.0000 -0.0000 0.0000
 45.9447 30.0028 34.2052 172.3848 64.6079 -179.1220 -17.0256 0.2136 -7.8620 45.9095 0.0000 0.0000 -33.7927 -3.5826 11.9019 5.2203 0.0000 0.0000 -13.2770 -5.9597 -7.1152 78.1892 -0.0000 0.0000 -11.3072 -2.9609 7.8427 2.3224 0.0000 -0.0000 -2.4853 2.8981 -0.5578 11.6357 0.8769 -0.3352 -0.7970 2.1657 -6.0484 -5.8984 5.4904 1.2987 20.3695 11.9630 -4.1827 -18.0913 -36.3378 -69.7497 -0.0000 -4.0379 -0.0000 -6.5270 2.1707 -10.5222 -0.0000 0.0000 -0.0000 -0.0000 0.0000 -0.0000 15.5851 -17.8167 4.6797 -8.8936 35.7580 71.8790 -0.0001 28.5333 0.0000 -28.8013 3.0064 4.5301 0.0000 -0.0000 0.0000 0.0000 -0.0000 0.0000
 46.2556 30.0136 34.0586 172.5030 64.1734 -179.2586 -16.1880 -0.1058 -7.8806 45.5928 0.0000 0.0000 -34.0550 -3.6970 11.3888 5.2678 -0.0000 -0.0000 -14.7711 -5.3174 -6.9802 79.3695 0.0000 0.0000 -12.3634 -3.7322 3.7937 2.3558 -0.0000 0.0000 -2.4320 2.9471 -0.5570 11.5563 0.9219 -0.3563 -0.7149 2.1736 -6.0070 -5.5002 5.5586 1.2615 20.2051 11.9800 -4.1984 -18.7415 -36.2511 -70.3184 -0.0000 -5.7824 -0.0000 -6.5976 1.5748 -10.0023 -0.0000 0.0000 0.0000 -0.0000 0.0000 0.0000 15.4297 -17.7751 4.6008 -7.9644 36.5213 71.8772 -0.0001 26.4358 0.0000 -28.3357 2.1150 5.2705 -0.0000 -0.0000 0.0000 -0.0000 -0.0000 0.0000
 46.5711 30.0520 33.9055 172.5322 63.7541 -179.2865 -15.2297 -0.3770 -7.9003 44.9592 -0.0000 0.0000 -34.0804 -3.8211 11.3209 4.9390 -0.0000 0.0000 -16.1181 -4.5344 -6.7272 80.0409 0.0000 -0.0000 -13.4515 -4.3529 0.8701 2.3714 0.0000 0.0000 -2.3996 2.9722 -0.5744 11.3982 0.9388 -0.3930 -0.6055 2.2109 -6.0146 -4.9805 5.6572 1.2929 20.1884 12.0073 -4.2101 -19.2992 -36.1923 -70.8484 -0.0000 -7.8116 -0.0000 -6.9556 0.9443 -9.5421 -0.0000 -0.0000 -0.0000 -0.0000 -0.0000 -0.0000 15.3986 -17.7491 4.5182 -7.2346 37.2407 72.0141 -0.0001 24.3126 0.0000 -27.5249 1.0690 6.1060 -0.0000 0.0000 -0.0000 -0.0000 0.0000 -0.0000
 46.8930 30.1174 33.7443 172.5106 63.3181 -179.2540 -14.1821 -0.6852 -7.9176 44.0953 -0.0000 0.0000 -33.9313 -3.9866 11.1712 4.6896 -0.0000 0.0000 -17.3609 -3.7426 -6.4349 80.3189 -0.0000 0.0000 -14.5268 -4.6669 -1.5069 2.2293 -0.0000 0.0000 -2.3934 2.9631 -0.6048 11.2112 0.9204 -0.4307 -0.4662 2.2843 -6.0533 -4.4422 5.7956 1.3839 20.2256 12.0734 -4.2039 -19.7673 -36.1563 -71.3661 -0.0000 -10.0541 -0.0000 -7.9525 0.4224 -9.6494 0.0000 -0.0000 -0.0000 0.0000 -0.0000 -0.0000 15.4255 -17.7655 4.4430 -6.5547 37.9586 72.1701 -0.0001 22.3337 0.0000 -26.3443 -0.1480 7.2734 -0.0000 0.0000 -0.0000 -0.0000 0.0000 -0.0000
 47.2098 30.2045 33.5833 172.4458 62.8568 -179.1915 -13.0769 -1.1022 -7.9376 43.0124 -0.0000 0.0000 -33.5527 -4.0696 11.1175 4.1260 -0.0000 0.0000 -18.5636 -2.9913 -6.1187 80.3311 -0.0000 0.0000 -15.4628 -4.6549 -3.8819 1.5715 0.0000 -0.0000 -2.3765 2.9340 -0.6428 11.0342 0.8869 -0.4498 -0.3951 2.3719 -6.1012 -3.9274 5.8972 1.4818 20.2351 12.1542 -4.1194 -20.0886 -36.2668 -71.8911 -0.0000 -12.5300 -0.0000 -8.6668 -0.0784 -9.6930 -0.0000 0.0000 -0.0000 -0.0000 0.0000 -0.0000 15.3696 -17.7996 4.3694 -5.7054 38.7222 72.2323 -0.0001 20.5834 0.0000 -25.1837 -1.4684 8.1421 -0.0000 0.0000 -0.0000 -0.0000 0.0000 -0.0000
 47.5362 30.3131 33.4134 172.3356 62.3663 -179.0821 -11.9237 -1.5885 -7.9606 41.7808 -0.0000 -0.0000 -33.0134 -4.1231 11.0231 3.5775 -0.0000 0.0000 -19.6201 -2.2134 -5.7497 79.9513 -0.0000 0.0000 -16.6021 -4.5724 -5.4635 1.3299 0.0000 0.0000 -2.3926 2.8815 -0.6904 10.8252 0.8292 -0.4701 -0.2735 2.4646 -6.1290 -3.4864 6.0328 1.5696 20.3051 12.2587 -4.0583 -20.3830 -36.3401 -72.3916 -0.0001 -15.0735 -0.0000 -9.4055 -0.6769 -9.9170 -0.0000 0.0000 0.0000 -0.0000 0.0000 0.0000 15.4551 -17.8920 4.3303 -4.9770 39.3765 72.3176 -0.0001 19.0710 0.0000 -23.9835 -2.8813 9.1299 -0.0000 0.0000 0.0000 -0.0000 0.0000 0.0000
 47.8801 30.4459 33.2159 172.4571 61.5975 -179.1448 -10.6246 -2.4661 -8.1192 40.4442 -0.0000 -0.0000 -32.1620 -4.0017 11.2311 3.1414 0.0000 0.0000 -20.3273 -1.8079 -5.5781 79.1171 -0.0000 0.0000 -17.6975 -4.1172 -6.8906 0.7911 -0.0000 -0.0000 -2.5506 2.6484 -0.7498 10.9477 0.5964 -0.4373 -0.0607 2.5715 -6.2814 -3.3971 6.1835 1.7769 20.3373 12.1989 -4.1354 -20.3519 -36.3099 -72.5826 -0.0001 -18.0015 -0.0000 -10.5792 -1.1584 -10.1311 0.0000 0.0000 0.0000 0.0000 0.0000 0.0000 15.8217 -17.9332 4.4276 -4.5233 40.0657 72.2399 -0.0001 17.7786 0.0000 -22.8195 -4.2872 10.1902 0.0000 0.0000 -0.0000 0.0000 0.0000 -0.0000
 48.1989 30.5810 33.0412 172.3136 61.1600 -179.0104 -9.4415 -3.0254 -8.0914 39.0214 -0.0000 0.0000 -31.3020 -3.9976 10.9055 2.4632 0.0000 0.0000 -21.2983 -0.9669 -5.1193 78.2332 -0.0000 0.0000 -18.5182 -3.7317 -7.9271 0.3164 0.0000 0.0000 -2.5277 2.6112 -0.8094 10.7230 0.5591 -0.4434 -0.1498 2.7627 -6.2334 -2.7308 6.2741 1.7257 20.2247 12.3886 -3.9320 -20.4278 -36.6498 -73.1610 -0.0001 -20.5579 -0.0000 -11.1708 -1.7922 -10.6539 0.0000 -0.0000 -0.0000 0.0000 -0.0000 -0.0000 15.8417 -18.1198 4.3340 -3.7828 40.5828 72.3642 -0.0001 16.6313 0.0000 -21.7686 -5.3960 10.9475 -0.0000 0.0000 -0.0000 -0.0000 0.0000 -0.0000
 48.5097 30.7231 32.8696 172.1042 60.7372 -178.8354 -8.3679 -3.5702 -8.0324 37.7831 -0.0000 0.0000 -30.5471 -4.0362 10.4436 2.7032 0.0000 -0.0000 -22.2891 -0.2713 -4.7209 77.1233 -0.0000 0.0000 -19.3330 -3.0903 -9.1700 0.6030 0.0000 0.0000 -2.4877 2.5852 -0.8607 10.4844 0.5319 -0.4575 -0.1620 2.9118 -6.2026 -2.4111 6.3764 1.7336 20.1821 12.5704 -3.7003 -20.3582 -37.0844 -73.6130 -0.0001 -23.5403 -0.0000 -11.7713 -2.1961 -11.0129 0.0000 0.0000 0.0000 0.0000 0.0000 0.0000 15.8771 -18.3274 4.2631 -3.1165 40.9696 72.4783 -0.0001 15.7221 0.0000 -19.8594 -7.0150 11.9769 -0.0000 0.0000 0.0000 -0.0000 0.0000 0.0000
 48.8866 30.9056 32.6936 172.3733 59.9965 -179.4651 -6.8455 -4.2666 -7.3819 36.3105 0.0000 0.0000 -30.3996 -4.3909 7.4545 4.5871 0.0000 0.0000 -22.4113 0.2935 -3.7668 75.1350 -0.0000 0.0000 -20.5485 -3.2853 -7.4330 1.6277 -0.0000 0.0000 -2.6762 2.4051 -0.7146 10.7692 0.3920 -0.2202 -0.1294 3.1391 -6.2155 -2.1331 6.2784 1.8032 19.8839 12.4329 -3.6987 -19.9201 -37.3851 -73.6430 -0.0001 -26.3223 -0.0000 -12.7019 -2.5375 -11.4008 -0.0000 -0.0000 -0.0000 -0.0000 -0.0000 -0.0000 15.8464 -18.4131 4.3422 -2.3708 41.0395 72.4636 -0.0001 14.8255 0.0000 -19.3816 -7.1684 12.3384 -0.0000 0.0000 -0.0000 -0.0000 0.0000 -0.0000
 49.2220 31.0813 32.5102 172.2724 59.3382 -179.4817 -5.6629 -4.7849 -7.0993 34.9700 -0.0000 0.0000 -29.0231 -4.6178 7.0469 3.6643 0.0000 -0.0000 -22.9336 0.8235 -3.2436 73.2376 0.0000 -0.0000 -21.1061 -3.0707 -7.8260 1.2428 0.0000 0.0000 -2.6671 2.2957 -0.7244 10.5513 0.2968 -0.1491 -0.0555 3.2228 -6.1680 -1.8263 6.2962 1.7943 19.8809 12.3893 -3.6050 -19.6899 -37.9354 -73.7860 -0.0001 -29.0485 -0.0000 -13.4947 -2.9246 -11.7994 -0.0000 -0.0000 0.0000 -0.0000 -0.0000 0.0000 16.1052 -18.6131 4.4842 -1.7464 41.0042 72.4047 -0.0001 14.2072 0.0000 -18.6210 -7.7138 12.6947 -0.0000 0.0000 -0.0000 -0.0000 0.0000 -0.0000
 49.5880 31.2636 32.3360 172.5577 58.7821 179.8392 -4.2354 -4.8330 -6.2916 33.8180 0.0000 -0.0000 -27.8540 -5.2324 6.1704 2.8801 -0.0000 0.0000 -23.0760 1.3567 -2.2746 70.9536 -0.0000 0.0000 -21.6078 -3.0954 -7.9156 1.0848 -0.0000 0.0000 -2.6987 2.1754 -0.5720 10.6968 0.2308 0.1256 -0.0032 3.4291 -6.1318 -1.7356 6.2734 1.6982 19.6514 12.4461 -3.4638 -19.5191 -38.3148 -74.1312 -0.0001 -31.7936 -0.0000 -13.8790 -2.7939 -12.1401 -0.0000 0.0000 0.0000 -0.0000 0.0000 0.0000 15.9987 -18.7119 4.3709 -1.0479 40.7698 72.5098 -0.0001 13.7631 0.0000 -17.8396 -8.1444 12.8399 -0.0000 -0.0000 -0.0000 -0.0000 -0.0000 -0.0000
 49.9335 31.4466 32.1530 172.5448 58.1228 179.6492 -3.0780 -4.9390 -5.7561 32.6975 -0.0000 0.0000 -26.4755 -5.8436 5.4100 1.8626 -0.0000 0.0000 -23.3610 1.8312 -1.6459 68.5756 -0.0000 0.0000 -22.1520 -3.1580 -8.0173 1.2226 0.0000 0.0000 -2.6991 2.0497 -0.5346 10.6104 0.1310 0.2592 -0.0002 3.5764 -6.1565 -1.4985 6.2227 1.7760 19.6540 12.5043 -3.3742 -19.3418 -39.1998 -74.2435 -0.0001 -34.3223 -0.0000 -14.2887 -3.2309 -12.1939 -0.0000 0.0000 -0.0000 -0.0000 0.0000 -0.0000 16.1753 -18.9144 4.4003 -0.4961 40.6662 72.5304 -0.0001 13.3918 0.0000 -17.7120 -8.3835 12.8862 0.0000 0.0000 -0.0000 0.0000 0.0000 -0.0000
 50.2714 31.6299 31.9601 172.3893 57.4619 179.6946 -2.1018 -4.8639 -5.3339 31.7195 -0.0000 0.0000 -24.7032 -6.5424 4.7612 0.0773 -0.0000 0.0000 -23.6418 2.3052 -1.2199 66.0127 -0.0000 0.0000 -22.6726 -3.2696 -7.6658 1.3305 0.0000 0.0000 -2.7631 1.9397 -0.5465 10.4831 0.0295 0.3117 0.0728 3.6453 -6.2453 -1.3118 6.2141 2.0309 19.5887 12.4705 -3.1945 -19.1550 -39.9616 -74.4174 -0.0002 -36.5993 -0.0001 -14.4856 -3.9656 -12.2496 -0.0000 -0.0000 -0.0000 -0.0000 -0.0000 -0.0000 16.4574 -19.0431 4.4558 -0.0669 40.4476 72.5839 -0.0000 13.0508 0.0000 -17.8106 -8.4290 12.8357 -0.0000 0.0000 0.0000 -0.0000 0.0000 0.0000
 50.6217 31.8101 31.7653 172.4096 56.8620 179.4209 -1.0109 -4.7506 -4.7225 30.7778 -0.0000 -0.0000 -23.2007 -7.1867 3.9551 -0.8386 -0.0000 -0.0000 -23.7093 2.7136 -0.6098 63.1888 -0.0000 0.0000 -23.1139 -3.5128 -7.6721 1.5037 0.0000 -0.0000 -2.8854 1.7999 -0.4339 10.6688 -0.0836 0.4671 -0.0174 3.8618 -6.3167 -1.1339 6.1110 2.0135 19.3949 12.6291 -3.0485 -19.1377 -40.7938 -74.7260 -0.0002 -38.5992 -0.0001 -14.3735 -4.7445 -12.4472 0.0000 -0.0000 -0.0000 0.0000 -0.0000 -0.0000 16.2435 -19.1156 4.2439 0.5818 40.0234 72.7461 -0.0000 12.9727 0.0000 -17.9548 -8.4785 12.7047 0.0000 0.0000 -0.0000 0.0000 0.0000 -0.0000
 50.9439 31.9831 31.5623 172.1843 56.2368 179.6160 -0.2817 -4.5110 -4.4435 30.0746 -0.0000 0.0000 -20.7913 -7.8415 5.2443 -3.7130 -0.0000 -0.0000 -23.9022 3.1754 -0.3464 60.2950 0.0000 0.0000 -23.4193 -3.7166 -7.7308 1.0924 -0.0000 0.0000 -2.9010 1.7221 -0.4736 10.4436 -0.1623 0.4679 0.1080 3.8337 -6.4155 -1.0718 6.0879 2.2225 19.3502 12.6249 -2.7765 -19.2560 -41.4293 -75.1644 -0.0002 -40.2755 -0.0001 -13.9812 -5.6709 -12.8664 -0.0000 -0.0000 -0.0000 -0.0000 -0.0000 -0.0000 16.5652 -19.2770 4.2988 1.0304 39.8911 72.6852 -0.0000 12.9128 0.0000 -18.4726 -8.4776 12.5704 -0.0000 0.0000 -0.0000 -0.0000 0.0000 -0.0000
 51.2830 32.1507 31.3571 172.0921 55.5503 179.5548 0.4739 -4.3171 -3.9940 29.5000 -0.0000 -0.0000 -18.7025 -8.4923 6.0301 -6.1544 0.0000 -0.0000 -23.8775 3.4807 0.0154 57.2001 -0.0000 0.0000 -23.6577 -3.8038 -8.0826 0.6933 0.0000 0.0000 -3.0734 1.5586 -0.3979 10.6576 -0.3283 0.4982 -0.0898 4.0705 -6.4895 -0.7612 5.9288 2.3519 19.1849 12.8221 -2.5793 -19.5740 -42.1393 -75.6353 -0.0002 -41.5626 -0.0001 -13.8114 -6.8895 -13.4630 -0.0000 -0.0000 -0.0000 -0.0000 -0.0000 -0.0000 16.3168 -19.3058 4.0945 1.5755 39.3687 72.8863 -0.0000 12.9702 0.0000 -18.4938 -8.4683 12.4368 -0.0000 0.0000 -0.0000 -0.0000 0.0000 -0.0000
 51.5952 32.3081 31.1466 171.8743 55.0020 179.7211 1.0439 -4.0845 -3.7275 29.0770 -0.0000 0.0000 -16.7257 -9.0351 6.2360 -8.0058 0.0000 0.0000 -23.9198 3.9433 0.2245 54.0088 0.0000 -0.0000 -23.9680 -3.6978 -7.9657 0.5909 -0.0000 0.0000 -3.1021 1.5197 -0.3894 10.4936 -0.3662 0.5110 0.0277 4.0449 -6.6099 -0.8033 5.8681 2.4944 19.0634 12.8569 -2.2864 -20.0122 -42.7972 -76.3983 -0.0002 -42.3287 -0.0001 -13.5758 -7.9934 -13.5216 0.0000 0.0000 0.0000 0.0000 0.0000 0.0000 16.6420 -19.3813 4.0978 1.8398 39.0893 72.8688 -0.0000 13.0212 0.0000 -18.9531 -8.2493 12.3272 0.0000 -0.0000 -0.0000 0.0000 -0.0000 -0.0000
 51.9120 32.4513 30.9319 171.6879 54.3772 179.8391 1.5179 -3.9295 -3.4599 28.8398 -0.0000 0.0000 -14.8085 -9.5354 6.6336 -9.2642 0.0000 0.0000 -23.8506 4.3665 0.3961 50.7229 0.0000 -0.0000 -24.3024 -3.3706 -7.6469 0.6356 0.0000 -0.0000 -3.1859 1.4426 -0.3501 10.4739 -0.4465 0.5160 -0.0201 4.1077 -6.7197 -0.6638 5.7555 2.6091 18.9213 12.9314 -2.0191 -20.6120 -43.3921 -77.2014 -0.0002 -42.6990 -0.0001 -13.9362 -9.2515 -14.0528 0.0000 0.0000 -0.0000 0.0000 0.0000 -0.0000 16.6968 -19.4743 3.9844 2.1926 38.7989 72.9275 -0.0000 13.1583 0.0000 -19.2115 -8.2135 12.2212 -0.0000 -0.0000 -0.0000 -0.0000 -0.0000 -0.0000
 52.2288 32.5820 30.7173 171.5111 53.7730 179.9186 1.9095 -3.7314 -3.1637 28.7699 -0.0000 0.0000 -13.1378 -9.9827 6.7555 -10.5072 -0.0000 0.0000 -23.7150 4.7512 0.5740 47.3037 -0.0000 0.0000 -24.6318 -2.8614 -7.2101 0.5889 0.0000 0.0000 -3.2946 1.3708 -0.2790 10.5208 -0.5205 0.5307 -0.1065 4.1860 -6.8419 -0.5206 5.6119 2.6666 18.7599 12.9983 -1.7844 -21.3156 -43.8804 -78.0664 -0.0002 -42.7627 -0.0001 -14.5522 -10.1175 -14.6132 -0.0000 0.0000 -0.0000 -0.0000 0.0000 -0.0000 16.7322 -19.4908 3.8514 2.4524 38.4771 72.9980 -0.0000 13.3070 0.0000 -19.3967 -8.1851 12.2656 0.0000 -0.0000 0.0000 0.0000 -0.0000 0.0000
 52.5431 32.6947 30.4992 171.3432 53.2047 179.9835 2.2064 -3.5203 -2.8848 28.8982 -0.0000 0.0000 -11.6847 -10.4550 6.9325 -11.5516 -0.0000 -0.0000 -23.5679 5.1882 0.7649 43.9775 -0.0000 0.0000 -24.8446 -2.1898 -6.5138 0.3207 0.0000 0.0000 -3.3774 1.3183 -0.1979 10.5231 -0.5743 0.5481 -0.1765 4.2641 -6.9687 -0.4164 5.4889 2.7572 18.5614 13.0146 -1.5564 -21.9490 -44.2562 -78.9279 -0.0002 -42.6357 -0.0001 -15.5644 -10.6222 -15.2176 0.0000 -0.0000 -0.0000 0.0000 -0.0000 -0.0000 16.7034 -19.5073 3.6937 2.8029 38.3300 72.9839 -0.0001 13.4688 0.0000 -19.4223 -8.2447 12.3672 -0.0000 -0.0000 -0.0000 -0.0000 -0.0000 -0.0000
 52.8573 32.7893 30.2820 171.2029 52.6389 -179.9898 2.3964 -3.3222 -2.5947 29.2752 -0.0000 0.0000 -10.3132 -10.8676 6.8478 -12.1562 -0.0000 -0.0000 -23.3736 5.6745 0.9577 40.6700 0.0000 0.0000 -25.0533 -1.3372 -5.5351 0.5569 -0.0000 -0.0000 -3.4461 1.2697 -0.1032 10.5332 -0.6215 0.5785 -0.2802 4.3725 -7.1047 -0.2670 5.3629 2.8245 18.3658 12.9859 -1.3597 -22.5422 -44.4863 -79.7458 -0.0002 -42.4137 -0.0001 -16.3829 -10.5678 -15.7536 0.0000 -0.0000 -0.0000 0.0000 -0.0000 -0.0000 16.6871 -19.5076 3.5529 3.0598 38.1904 72.9432 -0.0001 13.6022 0.0000 -19.7067 -8.3526 12.7164 -0.0000 0.0000 -0.0000 -0.0000 0.0000 -0.0000
 53.1753 32.8621 30.0634 171.1046 52.1013 179.9841 2.4987 -3.1329 -2.2967 29.9057 -0.0000 0.0000 -9.2095 -11.1654 6.7299 -12.6726 -0.0000 -0.0000 -23.1609 6.0925 1.1821 37.4758 -0.0000 0.0000 -24.9239 -0.4614 -4.3617 0.4089 0.0000 0.0000 -3.5056 1.2276 -0.0125 10.5396 -0.6598 0.6175 -0.3491 4.4492 -7.2129 -0.1815 5.2427 2.8714 18.1499 12.8941 -1.1678 -22.9779 -44.6621 -80.4407 -0.0002 -42.1027 -0.0001 -17.0264 -10.2712 -16.1317 -0.0000 -0.0000 0.0000 -0.0000 -0.0000 0.0000 16.6608 -19.4709 3.4261 3.3215 38.1352 72.8302 -0.0001 13.7426 0.0000 -19.6741 -8.5172 13.0795 0.0000 0.0000 -0.0000 0.0000 0.0000 -0.0000
 53.4996 32.9139 29.8501 171.0920 51.5279 179.8430 2.4929 -2.9784 -1.9296 30.8693 -0.0000 0.0000 -8.2953 -11.4626 6.1312 -13.0536 0.0000 -0.0000 -22.8866 6.4170 1.4618 34.4322 0.0000 0.0000 -24.5214 0.4986 -3.0187 0.3962 -0.0000 -0.0000 -3.5420 1.1738 0.0861 10.5920 -0.7018 0.6913 -0.4237 4.5322 -7.3107 -0.1392 5.1098 2.9001 17.9550 12.7632 -0.9968 -23.3537 -44.7713 -81.0276 -0.0002 -41.8081 -0.0001 -17.4512 -9.4319 -16.4248 0.0000 0.0000 -0.0000 0.0000 0.0000 -0.0000 16.6248 -19.4108 3.3295 3.5339 38.1287 72.6830 -0.0001 13.8236 0.0000 -19.9139 -8.5191 13.4616 -0.0000 0.0000 0.0000 -0.0000 0.0000 0.0000
 53.8307 32.9425 29.6407 171.1592 51.0353 179.6100 2.4197 -2.7982 -1.5291 32.1165 0.0000 -0.0000 -7.5935 -11.7102 5.1306 -13.3596 0.0000 0.0000 -22.6241 6.8934 1.8330 31.6780 0.0000 -0.0000 -23.8426 1.3105 -1.5104 0.2896 -0.0000 -0.0000 -3.5357 1.1324 0.1704 10.6190 -0.7260 0.7848 -0.4722 4.6250 -7.3392 -0.1055 5.0141 2.8461 17.8143 12.6219 -0.8424 -23.6208 -44.8941 -81.4782 -0.0002 -41.4339 -0.0001 -17.8083 -8.7610 -16.5678 -0.0000 -0.0000 -0.0000 -0.0000 -0.0000 -0.0000 16.5778 -19.3102 3.2420 3.7542 38.2065 72.4544 -0.0001 13.9317 0.0000 -19.9995 -8.6814 13.8889 -0.0000 -0.0000 -0.0000 -0.0000 -0.0000 -0.0000
 54.1745 32.9503 29.4354 171.3841 50.4798 179.1514 2.2476 -2.6113 -0.9788 33.8180 -0.0000 0.0000 -7.1883 -11.9884 4.0479 -12.8080 -0.0000 0.0000 -22.2411 7.2481 2.3174 29.1494 -0.0000 0.0000 -23.1938 1.7546 0.2797 0.2857 0.0000 -0.0000 -3.5101 1.0555 0.2789 10.8078 -0.7704 0.9496 -0.6220 4.7412 -7.3530 -0.0851 4.8980 2.8286 17.5202 12.5089 -0.7644 -23.6362 -45.1180 -81.6766 -0.0002 -41.1017 -0.0001 -17.7308 -7.9421 -16.7271 -0.0000 -0.0000 0.0000 -0.0000 -0.0000 0.0000 16.7463 -19.1755 3.3006 3.4516 38.0371 72.3110 -0.0001 13.7984 0.0000 -19.5641 -8.6806 14.4480 -0.0000 -0.0000 -0.0000 -0.0000 -0.0000 -0.0000
 54.5272 32.9279 29.2255 171.6549 49.9680 178.6884 2.0686 -2.4436 -0.4634 35.5846 -0.0000 0.0000 -6.4734 -12.5317 1.4331 -13.6083 0.0000 0.0000 -21.9795 7.6949 2.8279 27.2373 0.0000 0.0000 -22.9985 2.1052 1.3383 0.3605 0.0000 0.0000 -3.4542 0.9898 0.3594 10.9157 -0.8047 1.1023 -0.6789 4.8188 -7.3544 -0.1215 4.8450 2.7961 17.4534 12.4267 -0.7023 -23.7932 -45.3343 -81.8712 -0.0002 -40.6565 -0.0001 -17.3731 -7.2237 -16.7183 0.0000 0.0000 0.0000 0.0000 0.0000 0.0000 16.7400 -19.0696 3.2835 3.5063 38.1926 72.0029 -0.0001 13.8111 0.0000 -19.6810 -8.7738 14.7448 0.0000 0.0000 -0.0000 0.0000 0.0000 -0.0000
 54.8790 32.8820 29.0092 171.8604 49.4815 178.4029 1.7269 -2.3412 -0.1292 37.6181 -0.0000 0.0000 -6.1120 -12.6787 0.6115 -13.1704 0.0000 -0.0000 -21.8476 8.1086 3.2274 25.8646 -0.0000 -0.0000 -23.0816 2.3771 1.5261 0.2967 0.0000 -0.0000 -3.4365 0.9428 0.3621 10.9806 -0.8369 1.1687 -0.7009 4.8625 -7.3159 -0.1420 4.8247 2.7630 17.5404 12.3005 -0.6845 -23.9464 -45.4579 -81.9055 -0.0002 -40.1759 -0.0001 -16.8324 -6.6101 -16.8567 -0.0000 0.0000 -0.0000 -0.0000 0.0000 -0.0000 16.5591 -18.9679 3.3379 3.9586 38.5059 71.4349 -0.0001 14.0172 0.0000 -20.1948 -8.8611 14.5987 0.0000 -0.0000 -0.0000 0.0000 -0.0000 -0.0000
 55.2379 32.8110 28.8011 172.3536 48.9749 177.6748 1.3722 -2.2425 0.4601 40.1078 0.0000 -0.0000 -5.9739 -12.8290 -0.6108 -12.6232 0.0000 -0.0000 -21.5376 8.3731 3.8504 24.7316 0.0000 0.0000 -23.0161 2.1615 1.5249 0.3917 0.0000 0.0000 -3.2992 0.8715 0.5050 11.2329 -0.8677 1.3689 -0.8849 4.9945 -7.3580 -0.1242 4.7588 2.8065 17.2913 12.2835 -0.7270 -23.8795 -45.4167 -81.8965 -0.0002 -39.6491 -0.0001 -15.9826 -5.8270 -17.4922 0.0000 0.0000 -0.0000 0.0000 0.0000 -0.0000 16.6748 -18.8428 3.4418 3.5299 38.4207 71.1696 -0.0001 13.8325 0.0000 -19.9255 -8.9112 14.9585 0.0000 -0.0000 0.0000 0.0000 -0.0000 0.0000
 55.5933 32.7122 28.5933 172.5657 48.5759 177.4921 0.7922 -2.1048 0.6974 42.6026 -0.0000 0.0000 -5.7715 -12.8467 -1.7051 -11.7273 0.0000 -0.0000 -21.5153 8.4402 4.1381 24.1849 -0.0000 0.0000 -22.8917 1.7827 1.4643 0.3181 -0.0000 -0.0000 -3.2765 0.9131 0.4374 11.2146 -0.8339 1.3248 -0.7216 4.9287 -7.2186 -0.3338 4.8081 2.7196 17.4345 12.0896 -0.7273 -23.7835 -45.7156 -81.5775 -0.0002 -39.0151 -0.0001 -15.2820 -5.7553 -17.2851 0.0000 -0.0000 0.0000 0.0000 -0.0000 0.0000 16.5506 -18.6850 3.4450 3.2962 38.3572 71.1289 -0.0001 13.3871 0.0000 -20.0281 -8.5556 14.9698 0.0000 0.0000 -0.0000 0.0000 0.0000 -0.0000
 55.9742 32.5891 28.3668 173.2907 47.9423 176.5588 0.4856 -2.1436 1.3412 45.4082 -0.0000 0.0000 -5.8262 -12.9447 -3.0727 -10.2357 -0.0000 0.0000 -20.8327 7.7742 4.6013 23.4402 -0.0000 -0.0000 -22.4563 1.2967 1.6753 0.0307 0.0000 -0.0000 -3.1175 0.8059 0.6397 11.6041 -0.9113 1.4928 -0.9826 5.0551 -7.3182 -0.1800 4.7112 2.8914 17.3606 12.2081 -0.9499 -23.7633 -46.1521 -81.3196 -0.0002 -38.1258 -0.0001 -14.5906 -5.9369 -17.3777 -0.0000 0.0000 0.0000 -0.0000 0.0000 0.0000 16.3515 -18.6761 3.5717 3.1394 38.3791 70.7322 -0.0000 13.2878 0.0000 -20.0745 -8.6867 14.7293 0.0000 -0.0000 0.0000 0.0000 -0.0000 0.0000
 56.3181 32.4336 28.1604 173.5186 47.6001 176.4180 -0.3092 -1.9765 1.5349 48.2850 0.0000 0.0000 -5.9231 -12.8471 -4.1971 -8.2149 0.0000 -0.0000 -20.8331 7.2906 4.7016 23.5407 -0.0000 0.0000 -21.7018 0.9550 2.4823 -0.4631 -0.0000 -0.0000 -3.0779 0.8934 0.5596 11.5728 -0.8408 1.4106 -0.6643 4.8430 -7.2284 -0.7042 4.7655 2.8117 17.6341 12.0003 -0.9692 -23.7409 -46.2443 -80.9650 -0.0002 -37.4620 -0.0001 -14.1667 -5.7058 -17.1736 -0.0000 0.0000 0.0000 -0.0000 0.0000 0.0000 16.3535 -18.4370 3.5983 2.7042 38.1644 70.7182 -0.0000 13.0232 0.0000 -20.0874 -8.5150 14.3369 0.0000 -0.0000 0.0000 0.0000 -0.0000 0.0000
 56.7043 32.2604 27.9259 174.3451 46.9008 175.4655 -0.6213 -2.1067 2.1384 51.2197 -0.0000 0.0000 -6.1707 -12.7675 -5.4614 -5.9913 0.0000 0.0000 -19.9809 5.9143 4.9346 23.4278 0.0000 -0.0000 -19.7978 0.9426 4.6953 -1.0666 -0.0000 0.0000 -2.8307 0.7809 0.7981 11.8280 -0.9672 1.4285 -0.7924 4.9244 -7.3339 -0.5613 4.7041 3.1120 17.6184 12.1138 -1.2462 -23.4025 -46.6088 -80.3873 -0.0002 -36.5921 -0.0001 -13.7610 -5.8347 -17.1436 -0.0000 -0.0000 0.0000 -0.0000 -0.0000 0.0000 16.1362 -18.3761 3.7313 2.5238 38.0164 70.3862 -0.0000 13.0408 0.0000 -19.6973 -8.8288 14.1074 0.0000 -0.0000 0.0000 0.0000 -0.0000 0.0000
 57.0390 32.0512 27.7061 174.5583 46.5004 175.3537 -1.5409 -1.9727 2.2896 54.2894 -0.0000 0.0000 -6.3820 -12.5404 -6.3403 -3.5747 0.0000 0.0000 -20.0306 5.0382 4.8670 24.9969 -0.0000 0.0000 -17.9979 2.5163 2.1302 1.8804 0.0000 0.0000 -2.8239 0.8788 0.7492 11.8147 -0.8855 1.3543 -0.5422 4.7217 -7.3077 -0.9766 4.7156 3.0887 17.8307 11.9510 -1.2871 -23.3433 -46.5856 -80.0435 -0.0002 -35.7018 -0.0000 -13.4570 -5.9303 -17.3087 -0.0000 -0.0000 -0.0000 -0.0000 -0.0000 -0.0000 16.0068 -18.2068 3.7319 2.2121 37.8964 70.2711 -0.0000 12.8421 0.0000 -19.9119 -8.4487 13.3482 -0.0000 -0.0000 -0.0000 -0.0000 -0.0000 -0.0000
 57.3891 31.8248 27.4602 175.1812 45.8880 174.9051 -2.0906 -2.0367 2.4899 57.2106 -0.0000 0.0000 -6.5835 -12.2428 -7.3917 -0.5106 0.0000 -0.0000 -19.9009 3.5500 4.7891 27.9703 -0.0000 0.0000 -21.4854 4.0135 1.9841 2.4870 0.0000 0.0000 -2.5528 0.8802 0.8280 11.7447 -0.9417 1.1888 -0.3036 4.5982 -7.3859 -1.2695 4.7025 3.2138 17.9421 11.9054 -1.4484 -22.9247 -46.6745 -79.5052 -0.0001 -34.9031 -0.0000 -13.4491 -5.6254 -16.7610 -0.0000 0.0000 0.0000 -0.0000 0.0000 0.0000 16.0204 -18.1750 3.8909 1.9011 37.9137 69.9592 -0.0000 12.8493 0.0000 -19.9802 -8.5674 12.5807 0.0000 -0.0000 0.0000 0.0000 -0.0000 0.0000
 57.7141 31.5885 27.2412 175.4701 45.3035 174.7230 -3.1058 -2.0612 2.6810 60.4366 0.0000 0.0000 -7.1482 -11.9804 -7.7557 3.0993 0.0000 0.0000 -20.4146 2.9381 4.7734 31.1157 -0.0000 0.0000 -23.7245 3.7130 1.9760 1.9896 -0.0000 0.0000 -2.5024 0.9484 0.8039 11.7984 -0.8871 1.1350 -0.0119 4.3370 -7.2483 -1.7924 4.7081 2.8794 18.0046 11.7889 -1.5541 -22.8680 -46.5604 -79.2452 -0.0001 -33.8026 -0.0000 -12.9934 -5.6918 -16.6199 -0.0000 0.0000 -0.0000 -0.0000 0.0000 -0.0000 15.8610 -18.1157 4.0091 1.4008 37.6682 69.8082 -0.0000 12.6413 0.0000 -19.6962 -8.3008 11.7382 -0.0000 0.0000 -0.0000 -0.0000 0.0000 -0.0000
 58.0468 31.3554 27.0272 175.7595 44.5546 174.4273 -4.0743 -2.2305 3.0528 63.5034 0.0000 0.0000 -8.0724 -11.7309 -8.1089 6.0430 -0.0000 0.0000 -20.9756 2.5115 4.9166 34.1654 0.0000 0.0000 -25.7418 2.8644 2.7070 2.7722 -0.0000 -0.0000 -2.2649 0.9580 0.8200 11.5539 -0.8867 1.1321 0.2292 4.1540 -7.0009 -2.0086 4.7447 2.4411 18.1275 11.6950 -1.7035 -22.6757 -46.3314 -78.9604 -0.0001 -32.6451 -0.0000 -12.7742 -5.7395 -16.0553 -0.0000 0.0000 -0.0000 -0.0000 0.0000 -0.0000 15.8882 -18.0994 4.3363 1.0890 37.6156 69.3412 -0.0000 12.6081 0.0000 -19.6731 -8.2621 11.1007 0.0000 -0.0000 0.0000 0.0000 -0.0000 0.0000
 58.3784 31.1367 26.8509 175.9722 44.0935 173.8839 -5.1930 -2.1225 3.8252 66.6312 0.0000 0.0000 -9.4420 -11.4217 -7.8262 6.1213 -0.0000 -0.0000 -21.7497 2.0345 5.5255 37.3178 -0.0000 0.0000 -27.2745 2.7265 1.9501 3.3695 0.0000 0.0000 -1.9583 1.0666 0.9681 11.2205 -0.7505 1.2992 0.3812 4.0610 -6.7328 -2.1498 4.8474 1.8267 18.3879 11.6407 -2.0344 -22.5272 -45.7767 -78.5861 -0.0001 -31.6006 -0.0000 -12.2721 -5.4210 -15.2564 0.0000 0.0000 0.0000 0.0000 0.0000 0.0000 16.1797 -17.9650 4.8731 0.5561 37.7429 68.6507 -0.0000 12.4570 0.0000 -20.0964 -7.8260 10.4302 -0.0000 -0.0000 -0.0000 -0.0000 -0.0000 -0.0000
 58.6734 30.9319 26.6633 175.9417 43.6369 173.4531 -6.5790 -2.1981 4.4931 69.7254 -0.0000 0.0000 -11.3479 -10.6630 -7.0995 5.9630 -0.0000 0.0000 -22.4670 1.3558 6.0387 40.0806 -0.0000 0.0000 -28.6084 2.5642 0.9637 2.9911 0.0000 0.0000 -1.9653 1.2225 1.2577 11.3901 -0.5418 1.5530 0.2290 4.0382 -6.7875 -2.5013 4.8287 1.5308 18.7855 11.4691 -2.6307 -22.7347 -45.2820 -78.1052 -0.0001 -30.5877 -0.0000 -12.2545 -5.3563 -14.1850 -0.0000 -0.0000 0.0000 -0.0000 -0.0000 0.0000 16.2388 -18.1009 5.2928 -0.4443 37.8410 68.2040 -0.0000 12.1784 0.0000 -20.3101 -7.5733 9.6166 0.0000 -0.0000 -0.0000 0.0000 -0.0000 -0.0000
 58.9461 30.7450 26.4762 175.7618 43.5162 173.2246 -8.1046 -1.9263 5.0501 72.5734 -0.0000 0.0000 -13.2415 -9.7167 -6.2445 5.9458 0.0000 -0.0000 -23.0486 1.0226 6.4955 42.2710 0.0000 -0.0000 -29.8490 2.5385 0.1771 2.6475 -0.0000 -0.0000 -2.0313 1.4343 1.4332 11.4521 -0.2841 1.7519 0.1488 4.0860 -6.6642 -2.9360 5.0036 1.0691 19.2535 11.4684 -3.1275 -23.2059 -44.4588 -78.0236 -0.0001 -29.3876 -0.0000 -11.9342 -5.3625 -12.8008 0.0000 0.0000 0.0000 0.0000 0.0000 0.0000 16.6719 -17.7116 5.7922 -1.6021 37.9044 67.5653 -0.0000 12.0201 0.0000 -20.7294 -7.2559 8.9007 -0.0000 0.0000 -0.0000 -0.0000 0.0000 -0.0000
 59.1984 30.5834 26.2743 175.4591 43.0764 173.1707 -9.7984 -1.9564 5.4157 75.2839 -0.0000 0.0000 -14.7567 -8.7156 -4.9465 6.8633 0.0000 -0.0000 -23.0215 0.1939 6.5356 43.4016 0.0000 0.0000 -31.3228 2.6781 0.6410 2.7271 0.0000 0.0000 -2.2028 1.5853 1.6539 11.6989 -0.0974 1.8939 -0.1887 4.1478 -6.7796 -3.1737 5.0167 0.9517 19.8533 11.2109 -3.7013 -23.5847 -43.8195 -77.5599 -0.0001 -28.3911 -0.0000 -11.6592 -5.2363 -11.2398 0.0000 0.0000 0.0000 0.0000 0.0000 0.0000 16.4264 -17.7601 6.0115 -2.8026 37.7312 67.4557 -0.0000 11.6337 0.0000 -20.7277 -6.7402 7.9274 -0.0000 0.0000 0.0000 -0.0000 0.0000 0.0000
 59.4542 30.4452 26.0800 175.1621 42.9450 173.1582 -11.4685 -1.6573 5.8271 77.5847 -0.0000 0.0000 -16.3106 -7.6739 -3.8357 6.0816 0.0000 0.0000 -23.0322 -0.0710 6.7829 44.3979 -0.0000 0.0000 -32.5485 2.6540 0.5094 2.6930 0.0000 0.0000 -2.3675 1.7765 1.7048 11.7671 0.1219 1.9853 -0.3824 4.2321 -6.5496 -3.2231 5.2684 0.6194 20.1826 11.3721 -3.9222 -24.2139 -42.9719 -77.9173 -0.0001 -26.8511 -0.0000 -12.0132 -5.7126 -9.3899 -0.0000 0.0000 -0.0000 -0.0000 0.0000 -0.0000 16.6990 -17.2249 6.2466 -4.1718 37.6499 67.2643 -0.0000 11.4758 0.0000 -20.7204 -6.4008 6.9231 0.0000 -0.0000 0.0000 0.0000 -0.0000 0.0000
 59.6885 30.3310 25.8385 175.1256 42.5442 173.1779 -12.9118 -1.5996 5.8133 79.6007 0.0000 0.0000 -17.3267 -6.5936 -2.6655 5.9488 0.0000 -0.0000 -22.6662 -0.5733 6.6429 45.2485 -0.0000 0.0000 -33.7592 2.5782 0.8507 2.7460 -0.0000 0.0000 -2.3685 1.9268 1.7901 11.8486 0.2700 1.9776 -0.4491 4.2574 -6.6201 -3.4758 5.3698 0.5075 20.5963 11.2756 -4.2869 -24.5617 -42.1197 -77.8818 -0.0001 -25.5384 -0.0000 -12.1327 -5.7493 -7.7995 0.0000 0.0000 0.0000 0.0000 0.0000 0.0000 16.4029 -17.0968 6.1218 -5.4335 37.2525 67.5561 -0.0000 11.3341 0.0000 -20.5470 -6.0615 5.5449 -0.0000 -0.0000 -0.0000 -0.0000 -0.0000 -0.0000
 59.9418 30.2555 25.6072 175.0709 42.0539 173.1670 -14.3403 -1.6968 5.9230 81.3046 -0.0000 0.0000 -18.1174 -5.8842 -1.8411 6.0623 0.0000 -0.0000 -22.1197 -0.6604 6.7136 45.6351 -0.0000 0.0000 -34.8052 2.0998 1.2224 3.1054 -0.0000 -0.0000 -2.3708 2.0359 1.7831 11.8157 0.3795 1.9760 -0.4782 4.2963 -6.6488 -3.4730 5.4741 0.5843 20.6838 11.2665 -4.3703 -24.3771 -42.0198 -77.8215 -0.0001 -23.8051 -0.0000 -11.5879 -6.7972 -4.8859 -0.0000 0.0000 -0.0000 -0.0000 0.0000 -0.0000 16.3548 -16.9120 6.1009 -6.8039 36.8924 67.8792 -0.0000 11.3757 0.0000 -20.5901 -5.8843 4.0336 0.0000 0.0000 -0.0000 0.0000 0.0000 -0.0000
 60.1843 30.2133 25.3689 175.0457 41.4420 173.0687 -15.7595 -1.8722 5.9793 82.7227 -0.0000 0.0000 -18.8055 -5.1012 -0.6195 6.2744 -0.0000 0.0000 -21.4229 -0.7531 6.8384 45.7628 -0.0000 0.0000 -35.5174 1.5481 1.4390 2.9917 0.0000 0.0000 -2.3302 2.0996 1.8174 11.7796 0.4507 2.0187 -0.3789 4.2996 -6.6071 -3.6103 5.6394 0.6395 20.6618 11.3412 -4.4725 -24.2663 -41.5072 -77.9060 -0.0001 -22.3362 -0.0000 -12.1774 -7.1355 -3.4077 -0.0000 -0.0000 -0.0000 -0.0000 -0.0000 -0.0000 16.1884 -16.8160 6.0269 -7.9705 36.5239 68.1508 -0.0000 11.7686 0.0000 -20.2297 -5.8241 2.4726 0.0000 0.0000 -0.0000 0.0000 0.0000 -0.0000
 60.4254 30.1996 25.1177 175.0934 40.7945 172.9454 -17.0626 -1.9671 6.0302 83.7845 0.0000 -0.0000 -19.4124 -4.5352 0.5522 6.1786 -0.0000 0.0000 -20.6615 -1.0792 6.8685 45.9324 -0.0000 0.0000 -35.9764 1.2675 1.1754 2.7332 0.0000 0.0000 -2.2563 2.1880 1.8381 11.7119 0.5420 2.0476 -0.1632 4.1901 -6.5646 -3.8259 5.7540 0.7056 20.6192 11.4428 -4.4589 -24.1472 -41.0927 -78.0701 -0.0001 -20.9184 -0.0000 -12.2980 -7.1170 -1.9456 0.0000 -0.0000 0.0000 0.0000 -0.0000 0.0000 15.9856 -16.7577 5.8398 -8.9825 36.1402 68.5243 -0.0000 12.4131 0.0000 -19.6054 -6.0876 0.3311 0.0000 -0.0000 -0.0000 0.0000 -0.0000 -0.0000
 60.6655 30.2209 24.8564 175.1596 40.1456 172.8346 -18.2650 -2.0868 6.0266 84.4084 -0.0000 0.0000 -20.0641 -4.1933 1.4379 6.3346 0.0000 -0.0000 -19.7274 -1.3456 6.8959 45.7886 -0.0000 0.0000 -36.2334 0.9870 0.8866 2.4521 -0.0000 -0.0000 -2.1804 2.3046 1.8419 11.6073 0.6593 2.0651 -0.0163 4.1377 -6.5339 -3.5979 5.8467 0.8061 20.5240 11.5662 -4.4240 -23.8843 -40.8120 -78.1366 -0.0001 -19.5377 -0.0000 -12.2469 -6.8050 -0.8475 -0.0000 -0.0000 -0.0000 -0.0000 -0.0000 -0.0000 15.8857 -16.6875 5.6632 -10.0689 35.4866 68.9744 -0.0000 13.3015 0.0000 -19.4404 -5.9140 -1.3854 0.0000 -0.0000 0.0000 0.0000 -0.0000 0.0000
 60.8978 30.2723 24.5918 175.2279 39.4542 172.7396 -19.4290 -2.2364 5.9732 84.6824 -0.0000 0.0000 -20.7114 -3.9730 2.1384 6.4974 -0.0000 -0.0000 -18.6674 -1.5133 6.9418 45.3442 0.0000 -0.0000 -36.3124 0.5789 0.6321 2.1953 0.0000 0.0000 -2.1014 2.4498 1.8263 11.5257 0.8029 2.0690 0.1361 4.0245 -6.4490 -3.3845 5.8801 0.8713 20.4638 11.6986 -4.3504 -23.6943 -40.5976 -78.1960 -0.0001 -18.1856 -0.0000 -12.0316 -6.4646 -0.1914 0.0000 0.0000 0.0000 0.0000 0.0000 0.0000 15.7580 -16.6404 5.4707 -10.8999 34.9266 69.3370 -0.0001 14.5145 0.0000 -19.2546 -5.7750 -3.0045 -0.0000 -0.0000 0.0000 -0.0000 -0.0000 0.0000
 61.1201 30.3525 24.3199 175.2819 38.7822 172.6725 -20.5284 -2.3241 5.8936 84.5797 -0.0000 0.0000 -21.3000 -4.0508 2.5340 6.4858 -0.0000 0.0000 -17.5126 -1.7214 6.9605 44.6659 -0.0000 0.0000 -36.1595 0.1944 0.4103 1.8349 -0.0000 -0.0000 -2.0704 2.6148 1.8023 11.5339 0.9659 2.0578 0.2294 3.9335 -6.3889 -3.1282 5.8786 0.9807 20.4052 11.8252 -4.2814 -23.4901 -40.4247 -78.1996 -0.0001 -17.0389 -0.0000 -11.6316 -5.6761 0.2672 -0.0000 -0.0000 -0.0000 -0.0000 -0.0000 -0.0000 15.6119 -16.6210 5.2733 -11.6537 34.3869 69.6699 -0.0001 15.9225 0.0000 -19.1040 -5.4218 -4.3119 0.0000 0.0000 -0.0000 0.0000 0.0000 -0.0000
 61.3370 30.4573 24.0392 175.2987 38.1231 172.6392 -21.5781 -2.3843 5.7648 84.1464 -0.0000 0.0000 -21.9527 -4.2013 3.0030 7.0787 0.0000 -0.0000 -16.2660 -1.9440 6.9565 43.7385 0.0000 0.0000 -35.8469 -0.1370 0.2496 1.4717 0.0000 -0.0000 -2.0417 2.7967 1.7841 11.5143 1.1413 2.0281 0.2824 3.8438 -6.3268 -2.8082 5.8423 1.0906 20.3581 11.9969 -4.2263 -23.2580 -40.3238 -78.1379 -0.0001 -15.9683 -0.0000 -11.1150 -4.7570 0.3137 -0.0000 0.0000 -0.0000 -0.0000 0.0000 -0.0000 15.4983 -16.6598 5.0845 -12.2683 33.8932 69.9029 -0.0001 17.6204 0.0000 -18.8518 -5.1279 -5.0658 -0.0000 0.0000 -0.0000 -0.0000 0.0000 -0.0000
 61.5491 30.5838 23.7511 175.2975 37.4306 172.6310 -22.5705 -2.4605 5.5879 83.3738 -0.0000 0.0000 -22.5627 -4.4601 3.4844 7.0003 -0.0000 0.0000 -14.9372 -2.1575 6.9401 42.5978 -0.0000 0.0000 -35.3760 -0.5043 0.2607 1.2000 0.0000 0.0000 -2.0368 2.9692 1.7581 11.5266 1.3025 1.9758 0.3607 3.7806 -6.2558 -2.6484 5.8336 1.2530 20.3716 12.1512 -4.1593 -23.0174 -40.1936 -78.0084 -0.0001 -15.0531 -0.0000 -10.2691 -3.7109 0.0916 0.0000 0.0000 -0.0000 0.0000 0.0000 -0.0000 15.3774 -16.7150 4.9299 -12.6113 33.6168 70.0026 -0.0001 19.5156 0.0000 -18.5249 -4.3448 -5.8615 -0.0000 0.0000 -0.0000 -0.0000 0.0000 -0.0000
 61.7552 30.7286 23.4574 175.2573 36.7269 172.6685 -23.4967 -2.5372 5.3404 82.2565 -0.0000 0.0000 -23.1386 -4.7148 3.6981 7.0186 -0.0000 0.0000 -13.6196 -2.4485 6.8900 41.4259 -0.0000 0.0000 -34.6631 -0.7657 0.0450 0.6230 -0.0000 0.0000 -2.0337 3.1201 1.7385 11.4829 1.4372 1.9070 0.4171 3.6858 -6.2271 -2.3396 5.7850 1.2932 20.3483 12.3293 -4.1164 -22.7087 -40.0434 -77.8658 -0.0001 -14.1102 -0.0000 -9.8381 -2.9063 -0.5093 0.0000 0.0000 -0.0000 0.0000 0.0000 -0.0000 15.3565 -16.8112 4.7937 -12.9836 33.3069 70.1188 -0.0001 21.6416 0.0000 -18.4782 -3.8781 -6.5195 -0.0000 0.0000 -0.0000 -0.0000 0.0000 -0.0000
 61.9483 30.8895 23.1646 175.0812 36.0057 172.8120 -24.4590 -2.6636 5.0403 80.8232 -0.0000 0.0000 -23.7397 -4.9999 3.1804 7.0507 -0.0000 0.0000 -12.4692 -2.5821 6.8374 40.2696 -0.0000 0.0000 -33.8582 -1.0624 -0.1798 0.8197 -0.0000 0.0000 -2.0525 3.2738 1.6886 11.3567 1.5733 1.8291 0.4631 3.6061 -6.1636 -2.1060 5.7338 1.3632 20.3195 12.5029 -4.0850 -22.3140 -39.9456 -77.6281 -0.0000 -13.2776 -0.0000 -9.5524 -2.2521 -1.4357 0.0000 0.0000 0.0000 0.0000 0.0000 0.0000 15.1906 -16.9996 4.6814 -12.9257 33.2670 69.9836 -0.0001 23.9616 0.0000 -18.4746 -3.1135 -6.6794 -0.0000 0.0000 -0.0000 -0.0000 0.0000 -0.0000
 62.1313 31.0601 22.8518 174.9732 35.1747 172.9602 -25.2769 -2.8404 4.5651 79.1649 0.0000 -0.0000 -23.8418 -5.2840 3.6876 6.4507 -0.0000 -0.0000 -11.1933 -2.8121 6.6850 39.0107 -0.0000 0.0000 -32.7573 -1.4138 0.0569 -0.2765 -0.0000 -0.0000 -2.1416 3.3017 1.6735 11.4198 1.5701 1.7080 0.5292 3.6362 -6.0994 -1.9174 5.8082 1.3429 20.1765 12.6152 -4.0016 -21.8133 -39.5320 -77.4292 -0.0000 -12.5236 -0.0000 -8.4631 -1.4543 -2.3252 -0.0000 0.0000 -0.0000 -0.0000 0.0000 -0.0000 15.1150 -17.0613 4.4635 -13.0449 33.3040 69.9660 -0.0001 26.2744 0.0000 -18.6663 -2.3685 -6.8001 0.0000 0.0000 -0.0000 0.0000 0.0000 -0.0000
 62.3175 31.2443 22.5250 174.9061 34.2825 173.1043 -25.9127 -3.0153 4.0525 77.1542 -0.0000 0.0000 -24.1543 -5.5885 3.3350 6.6459 -0.0000 0.0000 -9.8682 -3.0702 6.5126 37.7330 -0.0000 0.0000 -31.4891 -1.6655 0.1038 -1.1964 -0.0000 -0.0000 -2.1954 3.3221 1.6339 11.4274 1.5563 1.5820 0.6443 3.5927 -6.0349 -1.7097 5.8285 1.3379 20.1356 12.6634 -3.9537 -21.2784 -39.0595 -77.1480 -0.0000 -11.8907 -0.0000 -8.3543 -0.8529 -3.3221 0.0000 -0.0000 0.0000 0.0000 -0.0000 0.0000 15.0507 -17.1207 4.3558 -12.9116 33.2012 69.7929 -0.0001 28.8266 0.0000 -18.8561 -1.6584 -6.9349 0.0000 0.0000 -0.0000 0.0000 0.0000 -0.0000
 62.4898 31.4356 22.1924 174.9238 33.4666 173.2432 -26.3561 -3.0451 3.5169 74.8423 -0.0000 0.0000 -24.4560 -5.8763 3.2570 7.0265 -0.0000 0.0000 -8.5788 -3.3105 6.2815 36.5756 -0.0000 0.0000 -30.0638 -1.7844 0.0670 -2.0403 -0.0000 -0.0000 -2.2085 3.3500 1.6016 11.4959 1.5324 1.3987 0.7754 3.5828 -6.0938 -1.6187 5.8190 1.4510 20.0422 12.6825 -3.8989 -20.6632 -38.4903 -76.8192 -0.0000 -11.3288 -0.0000 -8.5545 -0.4076 -4.4546 -0.0000 -0.0000 0.0000 -0.0000 -0.0000 0.0000 14.9200 -17.1014 4.1670 -12.7634 32.9518 69.7214 -0.0001 31.4361 0.0000 -19.0519 -1.0146 -6.7686 -0.0000 -0.0000 -0.0000 -0.0000 -0.0000 -0.0000
 62.6583 31.6344 21.8792 174.7950 32.5764 173.3489 -26.8965 -3.1958 3.0900 72.3861 -0.0000 0.0000 -24.4252 -6.1183 3.1629 6.6298 -0.0000 0.0000 -7.4844 -3.5960 6.1877 35.4688 -0.0000 0.0000 -28.4209 -1.9959 0.3558 -3.1354 -0.0000 -0.0000 -2.1375 3.3949 1.5876 11.2664 1.5533 1.3270 0.8447 3.5212 -6.1073 -1.2290 5.7645 1.5024 20.1793 12.6232 -3.9141 -20.0937 -38.4036 -76.3471 -0.0000 -10.6990 -0.0000 -9.8429 -0.1899 -5.5906 -0.0000 -0.0000 -0.0000 -0.0000 -0.0000 -0.0000 14.9435 -17.2249 4.1296 -12.5081 32.7622 69.4708 -0.0001 34.1032 0.0000 -19.4572 -0.3514 -6.5122 0.0000 -0.0000 0.0000 0.0000 -0.0000 0.0000
 62.8243 31.8309 21.5245 174.9191 31.6667 173.5085 -26.9770 -3.1956 2.4297 69.5784 0.0000 0.0000 -24.4878 -6.1164 3.2091 6.5407 0.0000 -0.0000 -6.1299 -4.0531 5.8266 34.3932 0.0000 0.0000 -26.7641 -1.9557 0.4367 -4.3928 0.0000 0.0000 -2.1639 3.3058 1.5280 11.4922 1.3994 1.0979 0.9780 3.6278 -6.2346 -1.2139 5.7479 1.6590 19.9238 12.6494 -3.7404 -19.4563 -37.5215 -76.1881 -0.0000 -10.1675 -0.0000 -10.7510 -0.1603 -6.5430 -0.0000 0.0000 -0.0000 -0.0000 0.0000 -0.0000 14.7224 -17.1261 3.8072 -12.4172 32.5217 69.6105 -0.0002 36.4546 0.0001 -19.9010 0.4803 -6.1256 -0.0000 0.0000 -0.0000 -0.0000 0.0000 -0.0000
 62.9931 32.0330 21.1920 174.7686 30.8423 173.6184 -27.2400 -3.1216 2.0754 66.6330 -0.0000 0.0000 -24.4631 -6.0544 3.1984 6.5206 -0.0000 0.0000 -5.1347 -4.4908 5.7053 33.4137 -0.0000 0.0000 -24.8431 -1.8696 0.4045 -5.8634 0.0000 0.0000 -2.1616 3.3716 1.5030 11.2662 1.4484 1.0376 1.0443 3.5661 -6.2513 -0.7759 5.6740 1.7438 20.1765 12.5896 -3.7449 -19.0890 -37.4715 -75.8169 -0.0000 -9.4242 -0.0000 -11.1786 0.1798 -7.7376 -0.0000 -0.0000 -0.0000 -0.0000 -0.0000 -0.0000 14.7364 -17.2975 3.8010 -12.0818 32.3432 69.3691 -0.0002 38.9818 0.0001 -20.6165 1.1341 -5.6551 0.0000 0.0000 0.0000 0.0000 0.0000 0.0000
 63.1445 32.2271 20.8219 174.9323 29.9478 173.8196 -27.0004 -2.9574 1.3719 63.3510 -0.0000 0.0000 -24.2970 -5.6643 3.2204 6.3704 -0.0000 0.0000 -3.8572 -5.2580 5.1830 32.5080 -0.0000 0.0000 -23.0285 -1.4861 0.8934 -7.2702 -0.0000 -0.0000 -2.2364 3.2853 1.4170 11.6365 1.3028 0.8149 1.1042 3.7300 -6.3187 -0.6980 5.5733 1.7954 19.8312 12.6046 -3.5216 -18.6314 -36.3191 -75.8300 -0.0000 -8.9365 -0.0000 -11.3551 0.7497 -9.1059 0.0000 0.0000 0.0000 0.0000 0.0000 0.0000 14.5159 -17.2402 3.3762 -12.1680 32.1478 69.7017 -0.0002 40.9334 0.0001 -21.2865 2.0518 -4.9729 -0.0000 -0.0000 -0.0000 -0.0000 -0.0000 -0.0000
 63.3053 32.4138 20.4916 174.7672 29.5548 173.8823 -26.9914 -2.4032 1.3118 60.0232 -0.0000 0.0000 -24.2359 -5.2805 3.1346 6.4526 -0.0000 0.0000 -3.3177 -5.2904 5.1338 32.1404 0.0000 -0.0000 -21.0996 -1.3463 0.7618 -8.2401 -0.0000 0.0000 -2.2196 3.4489 1.4212 11.3040 1.4565 0.7721 1.0975 3.7587 -6.3986 -0.1281 5.5574 1.9255 19.9427 12.8411 -3.4650 -18.3386 -36.3654 -75.7991 -0.0000 -7.9770 -0.0000 -11.9543 0.3470 -9.5072 0.0000 -0.0000 -0.0000 0.0000 -0.0000 -0.0000 14.6590 -17.3952 3.1717 -12.1732 32.0785 69.8423 -0.0002 42.8884 0.0001 -22.8477 3.6333 -4.2684 0.0000 -0.0000 0.0000 0.0000 -0.0000 0.0000
 63.4539 32.5967 20.1030 174.8361 28.3181 174.1613 -26.6017 -2.4679 0.4041 56.4944 0.0000 0.0000 -23.8934 -4.6031 3.9257 6.1740 -0.0000 -0.0000 -1.9716 -6.4920 4.5560 31.0665 -0.0000 0.0000 -19.4507 -1.1079 1.9325 -9.2159 0.0000 -0.0000 -2.3918 3.2942 1.3124 11.6857 1.2548 0.5872 1.1371 3.8592 -6.4612 0.0178 5.3356 2.0582 19.7768 12.5925 -3.2379 -17.8584 -36.0975 -75.5965 -0.0000 -7.3158 -0.0000 -12.7525 0.5250 -10.5978 -0.0000 0.0000 -0.0000 -0.0000 0.0000 -0.0000 14.1550 -17.3244 2.8500 -11.5194 31.4014 69.9132 -0.0002 45.2793 0.0001 -23.3283 3.6763 -3.5881 0.0000 -0.0000 0.0000 0.0000 -0.0000 0.0000
 63.6219 32.7731 19.7592 174.6984 27.6326 174.2675 -26.2590 -1.9908 0.2441 52.7795 -0.0000 0.0000 -23.5841 -4.2865 3.8190 5.9466 -0.0000 -0.0000 -1.2685 -6.9302 4.4465 30.5176 0.0000 0.0000 -17.3287 -0.8464 1.7761 -10.9303 0.0000 -0.0000 -2.3994 3.3721 1.2566 11.4523 1.3143 0.5109 1.1476 3.8545 -6.4831 0.4777 5.2361 2.2319 20.0107 12.5925 -3.2313 -17.5444 -35.9511 -75.2630 -0.0000 -6.7513 -0.0000 -12.7442 0.8724 -11.2441 0.0000 -0.0000 0.0000 0.0000 -0.0000 0.0000 14.2232 -17.4682 2.8259 -11.3692 31.1486 69.9755 -0.0002 47.1114 0.0001 -24.6061 4.3298 -2.7384 -0.0000 0.0000 -0.0000 -0.0000 0.0000 -0.0000
 63.7717 32.9271 19.3636 174.8918 26.9523 174.4905 -25.3715 -1.3662 -0.2965 48.7993 -0.0000 0.0000 -23.3855 -3.7906 4.2182 5.9521 -0.0000 0.0000 -0.2716 -7.5655 3.9137 30.0495 -0.0000 -0.0000 -15.5458 -0.3607 2.2256 -11.8154 -0.0000 0.0000 -2.5741 3.3563 1.1147 11.9266 1.2564 0.3287 1.0959 4.1264 -6.5661 0.6661 5.0031 2.3223 19.6027 12.6610 -2.9034 -17.1768 -35.3739 -75.4548 -0.0000 -6.1266 -0.0000 -12.5837 1.3191 -11.7867 0.0000 0.0000 -0.0000 0.0000 0.0000 -0.0000 13.8960 -17.4093 2.2884 -11.5383 30.6459 70.6942 -0.0002 48.4589 0.0001 -25.7517 5.0593 -1.6084 0.0000 -0.0000 0.0000 0.0000 -0.0000 0.0000
 63.9384 33.0702 19.0133 174.7451 26.3147 174.5347 -24.8544 -0.7731 -0.3922 45.0164 -0.0000 0.0000 -23.1520 -3.6671 4.5121 5.6888 0.0000 -0.0000 0.2644 -7.8115 3.8852 29.7705 -0.0000 0.0000 -13.6929 -0.3161 2.6357 -12.7563 0.0000 0.0000 -2.5746 3.4279 1.0775 11.6054 1.3207 0.2954 1.1287 4.1227 -6.5846 1.0703 4.9335 2.5745 19.7853 12.7310 -2.7886 -16.9506 -35.4769 -75.3211 -0.0000 -5.4325 -0.0000 -12.5683 1.5671 -12.1139 0.0000 -0.0000 0.0000 0.0000 -0.0000 0.0000 13.8924 -17.5871 2.1896 -11.3187 30.5466 70.8126 -0.0002 49.8822 0.0001 -27.1979 5.5694 -0.7065 0.0000 0.0000 -0.0000 0.0000 0.0000 -0.0000
 64.1044 33.1923 18.6517 174.6629 25.6267 174.5677 -24.1549 -0.0976 -0.5410 41.2055 -0.0000 0.0000 -22.8857 -3.7149 4.7649 5.4085 0.0000 0.0000 0.8302 -8.1996 3.7894 29.6046 -0.0000 0.0000 -12.0055 -0.1840 3.3175 -13.7595 0.0000 -0.0000 -2.6808 3.4320 1.0582 11.5399 1.3216 0.2743 1.1276 4.1720 -6.6585 1.3968 4.8210 2.7360 19.7777 12.7698 -2.5708 -16.7147 -35.4398 -75.3169 -0.0000 -4.7486 -0.0000 -12.1161 1.9125 -12.4218 0.0000 0.0000 0.0000 0.0000 0.0000 0.0000 13.8900 -17.6768 1.9067 -11.3886 30.2697 71.2471 -0.0003 51.1073 0.0001 -28.2504 5.7519 0.2293 -0.0000 -0.0000 -0.0000 -0.0000 -0.0000 -0.0000
 64.2703 33.2943 18.2651 174.7570 25.0079 174.5442 -23.1963 0.6555 -0.7208 37.5097 -0.0000 -0.0000 -22.7129 -3.8362 5.0352 5.7464 -0.0000 -0.0000 1.5052 -8.4326 3.6515 29.5542 0.0000 0.0000 -10.3104 0.0508 3.8504 -14.8156 0.0000 0.0000 -2.8787 3.4292 1.0391 11.7806 1.3227 0.2684 1.0935 4.3334 -6.7320 1.6588 4.6819 2.8878 19.6063 12.7994 -2.3118 -16.5738 -35.2186 -75.5109 -0.0000 -3.9694 -0.0000 -11.6795 2.1702 -12.3864 -0.0000 -0.0000 -0.0000 -0.0000 -0.0000 -0.0000 13.5836 -17.6536 1.4311 -11.2557 30.1060 71.7129 -0.0003 52.0872 0.0001 -29.1148 5.8594 1.0104 -0.0000 -0.0000 -0.0000 -0.0000 -0.0000 -0.0000
 64.4486 33.3745 17.8948 174.7855 24.4722 174.5092 -22.2864 1.5674 -0.7624 33.9843 -0.0000 0.0000 -22.4431 -4.1107 4.7915 5.6587 0.0000 0.0000 1.9950 -8.5380 3.5866 29.7416 -0.0000 0.0000 -8.9050 0.2185 4.9380 -15.0934 -0.0000 -0.0000 -2.9285 3.4562 0.9829 11.6822 1.3540 0.2696 1.2360 4.3702 -6.7706 1.6388 4.6336 3.0174 19.6552 12.8882 -2.0971 -16.2811 -35.2749 -75.4849 -0.0000 -3.6061 -0.0000 -11.5433 2.9177 -12.3384 0.0000 -0.0000 0.0000 0.0000 -0.0000 0.0000 13.6772 -17.7284 1.2472 -11.3345 30.0512 72.0566 -0.0003 53.0328 0.0001 -29.7675 5.7321 1.5766 0.0000 -0.0000 0.0000 0.0000 -0.0000 0.0000
 64.6143 33.4285 17.5265 174.7008 24.1678 174.4648 -21.5704 2.6210 -0.7302 30.8815 -0.0000 -0.0000 -22.1483 -4.3055 4.5050 5.6067 0.0000 0.0000 2.1617 -8.2857 3.5408 30.2487 -0.0000 0.0000 -7.6280 0.2095 6.1526 -15.6575 -0.0000 0.0000 -2.9896 3.5536 0.9734 11.3747 1.4543 0.2676 1.2641 4.4552 -6.7293 1.9901 4.6743 3.1393 19.6373 13.1785 -1.8915 -16.1657 -35.2866 -75.6935 -0.0000 -2.9190 -0.0000 -11.0774 3.2521 -12.2780 -0.0000 -0.0000 -0.0000 -0.0000 -0.0000 -0.0000 13.6807 -17.8396 1.0011 -11.3184 30.2319 72.3450 -0.0003 53.6539 0.0001 -31.1844 6.1084 2.8901 -0.0000 0.0000 -0.0000 -0.0000 0.0000 -0.0000
 64.7939 33.4606 17.0993 175.2554 23.5235 174.2126 -20.0938 3.2206 -0.9194 27.9572 -0.0000 0.0000 -21.8140 -4.2976 3.9781 5.3100 0.0000 -0.0000 3.0990 -8.6707 3.3316 30.7446 -0.0000 0.0000 -6.4000 0.8228 7.2917 -15.7500 -0.0000 -0.0000 -3.0929 3.4828 0.9619 12.1220 1.4043 0.3271 1.0448 4.8507 -6.8912 2.0505 4.4265 3.3862 19.1923 13.2686 -1.6152 -15.9446 -35.0981 -75.9347 -0.0000 -2.3905 -0.0000 -10.5047 3.5182 -12.1271 0.0000 -0.0000 0.0000 0.0000 -0.0000 0.0000 13.2100 -17.8646 0.5792 -11.2128 30.2986 72.7345 -0.0003 54.2725 0.0001 -30.3927 5.0367 2.4527 -0.0000 0.0000 -0.0000 -0.0000 0.0000 -0.0000
 64.9587 33.4703 16.7347 175.1721 23.2226 174.1664 -19.4923 4.0222 -0.9297 25.6818 -0.0000 0.0000 -21.5150 -4.2016 3.8350 5.2589 -0.0000 0.0000 2.9633 -8.2378 3.2599 31.8264 -0.0000 0.0000 -5.3624 0.9771 8.2401 -15.9606 0.0000 -0.0000 -3.1019 3.5652 0.9494 11.6945 1.4870 0.3207 1.2690 4.8004 -6.8630 2.0020 4.5184 3.4393 19.3007 13.4244 -1.5001 -15.7520 -35.2372 -75.9566 -0.0000 -1.7974 -0.0000 -10.2233 3.6265 -11.9913 -0.0000 -0.0000 -0.0000 -0.0000 -0.0000 -0.0000 13.3424 -17.9095 0.4673 -11.1504 30.4780 72.9272 -0.0003 54.6595 0.0002 -30.5736 4.9794 2.5802 -0.0000 0.0000 -0.0000 -0.0000 0.0000 -0.0000
 65.1211 33.4537 16.3441 175.3378 22.5516 174.0498 -18.7014 4.3819 -1.1192 23.9311 -0.0000 0.0000 -21.3014 -4.0065 4.0328 5.1043 -0.0000 0.0000 3.1474 -8.2499 3.1127 32.9655 -0.0000 0.0000 -4.4164 1.3027 9.3338 -16.1189 0.0000 0.0000 -3.1047 3.4762 0.9516 11.6348 1.4048 0.3508 1.4652 4.8326 -6.9087 1.8251 4.5258 3.5489 19.5254 13.3842 -1.3672 -15.7429 -35.2760 -75.9748 -0.0000 -1.4322 -0.0000 -9.9399 4.2318 -12.0044 0.0000 0.0000 0.0000 0.0000 0.0000 0.0000 13.3802 -18.0053 0.2804 -11.2235 30.6936 73.2184 -0.0003 54.7829 0.0002 -30.5026 4.9615 2.8534 0.0000 -0.0000 0.0000 0.0000 -0.0000 0.0000
 65.2911 33.4169 15.9353 175.7456 22.1248 173.8837 -17.6561 4.9242 -1.2401 22.5278 -0.0000 0.0000 -21.2290 -3.7791 4.1783 4.9938 -0.0000 0.0000 3.4398 -7.9305 2.9015 34.2485 -0.0000 0.0000 -3.4571 1.7355 10.2374 -16.5942 0.0000 -0.0000 -3.0287 3.4124 0.8716 11.7537 1.3563 0.3982 1.5268 5.1123 -6.9075 1.7419 4.5188 3.6002 19.3509 13.5185 -1.2517 -15.4446 -34.9723 -76.0490 -0.0000 -1.1602 -0.0000 -9.2198 4.5914 -11.9406 0.0000 -0.0000 -0.0000 0.0000 -0.0000 -0.0000 13.3666 -17.9567 0.1242 -11.3265 31.0604 73.4186 -0.0003 54.5990 0.0002 -31.2393 5.6479 3.7133 -0.0000 0.0000 -0.0000 -0.0000 0.0000 -0.0000
 65.4403 33.3548 15.5624 175.7122 21.8179 173.8206 -17.2486 5.3780 -1.2810 21.7159 -0.0000 -0.0000 -21.1946 -3.4976 4.4363 4.8694 -0.0000 0.0000 2.9778 -7.5861 2.6743 36.0433 -0.0000 0.0000 -2.5946 2.2930 11.3733 -16.9391 0.0000 -0.0000 -3.0442 3.4674 0.8840 11.4815 1.4171 0.4179 1.3825 5.2456 -6.8568 2.1044 4.4995 3.5539 19.2172 13.6409 -1.1979 -15.1733 -35.1332 -76.0203 -0.0000 -0.6865 -0.0000 -8.6621 4.7621 -12.0674 0.0000 0.0000 0.0000 0.0000 0.0000 0.0000 13.1584 -18.0133 0.0520 -10.9465 31.2974 73.4195 -0.0003 54.5336 0.0002 -31.3007 5.5395 3.8687 0.0000 0.0000 0.0000 0.0000 0.0000 0.0000
 65.5954 33.2669 15.1735 175.7657 21.2766 173.7749 -16.7907 5.6949 -1.4104 21.3298 -0.0000 -0.0000 -21.2042 -3.4068 4.5786 4.8875 -0.0000 0.0000 2.6959 -7.4550 2.4024 37.7876 -0.0000 0.0000 -1.8276 2.9418 12.7413 -16.8333 -0.0000 0.0000 -3.0930 3.3981 0.8615 11.2994 1.3520 0.4331 1.5815 5.2166 -6.8679 1.8837 4.5537 3.5648 19.4297 13.5930 -1.1576 -15.1683 -35.2154 -75.9807 -0.0000 -0.3274 -0.0000 -8.4003 5.0442 -12.2007 -0.0000 0.0000 -0.0000 -0.0000 0.0000 -0.0000 13.1757 -18.0554 -0.0085 -10.9086 31.5314 73.5943 -0.0003 54.0687 0.0001 -31.1554 5.6069 4.0957 -0.0000 -0.0000 -0.0000 -0.0000 -0.0000 -0.0000
 65.7508 33.1531 14.7794 176.0141 20.6020 173.7302 -16.1306 5.6717 -1.6597 21.1683 -0.0000 0.0000 -21.1515 -3.2870 4.9311 4.9473 0.0000 -0.0000 2.5105 -7.3564 2.0483 39.7663 -0.0000 0.0000 -1.2607 3.6718 14.1338 -16.1384 0.0000 0.0000 -3.0591 3.2386 0.7540 11.4099 1.2044 0.4733 1.5299 5.3731 -6.8567 1.7226 4.5191 3.5772 19.3245 13.5923 -1.1102 -14.9186 -35.3356 -75.8778 -0.0000 -0.2218 -0.0000 -8.0721 5.4067 -12.3664 -0.0000 0.0000 -0.0000 -0.0000 0.0000 -0.0000 13.1454 -18.0791 -0.0150 -10.9208 31.8436 73.7047 -0.0003 53.5391 0.0001 -31.2300 5.6956 4.0283 0.0000 0.0000 -0.0000 0.0000 0.0000 -0.0000
 65.8984 33.0216 14.4093 176.0292 20.3027 173.6647 -15.8542 5.9434 -1.6271 21.4525 -0.0000 0.0000 -20.9326 -3.5355 4.1951 4.6634 -0.0000 -0.0000 1.8315 -6.9340 1.7718 41.9912 -0.0000 0.0000 -0.4477 4.4915 15.1910 -15.9820 -0.0000 0.0000 -3.0751 3.2601 0.7379 11.2474 1.2319 0.4922 1.3422 5.5320 -6.7882 1.9003 4.5122 3.5262 19.2582 13.5998 -1.1376 -14.7525 -35.3786 -75.7547 -0.0000 -0.0250 -0.0000 -7.9078 5.6576 -12.6913 -0.0000 0.0000 -0.0000 -0.0000 0.0000 -0.0000 13.0698 -18.0342 0.0843 -10.6723 31.9690 73.6511 -0.0003 53.0053 0.0001 -31.3367 5.5169 4.2138 -0.0000 -0.0000 -0.0000 -0.0000 -0.0000 -0.0000
 66.0478 32.8597 14.0173 176.1466 19.5772 173.6666 -15.4901 5.4189 -1.8296 22.1536 0.0000 0.0000 -20.5427 -3.8777 3.4714 4.6351 0.0000 -0.0000 1.4384 -7.0057 1.3542 44.1003 -0.0000 0.0000 0.1691 5.4748 16.5499 -15.1775 0.0000 0.0000 -3.0854 3.1154 0.6414 11.1560 1.0972 0.5268 1.4387 5.4945 -6.7388 1.6510 4.5290 3.4499 19.3272 13.4452 -1.0655 -14.7176 -35.5495 -75.7369 0.0000 0.2575 -0.0000 -7.9836 5.3922 -12.7173 -0.0000 0.0000 -0.0000 -0.0000 0.0000 -0.0000 13.1754 -18.0445 0.1959 -10.5706 32.0878 73.6633 -0.0003 52.2723 0.0001 -31.4359 5.5321 4.4934 -0.0000 0.0000 -0.0000 -0.0000 0.0000 -0.0000
 66.1876 32.6770 13.5955 176.6712 18.9565 173.8034 -14.5259 4.9163 -2.3359 22.7292 -0.0000 0.0000 -19.5044 -4.3285 3.4488 4.8251 -0.0000 0.0000 1.3126 -6.9205 0.6158 46.4065 0.0000 0.0000 0.6340 6.4886 17.6549 -13.8978 0.0000 -0.0000 -2.8779 2.9112 0.3301 11.4013 0.9150 0.5763 1.1488 5.7878 -6.8535 1.6964 4.5371 3.5137 19.2648 13.4969 -1.2867 -14.4506 -35.6485 -75.4425 0.0000 0.0813 -0.0000 -7.8493 5.7469 -13.0571 0.0000 -0.0000 0.0000 0.0000 -0.0000 0.0000 13.0767 -17.9592 0.2187 -10.4230 32.3037 73.6377 -0.0003 51.4609 0.0001 -31.5882 5.4286 4.6299 0.0000 -0.0000 -0.0000 0.0000 -0.0000 -0.0000
 66.3226 32.4709 13.2295 176.7257 18.5234 173.7366 -14.5978 4.3608 -2.4632 24.4415 -0.0000 0.0000 -19.1436 -4.6473 5.3910 6.6870 -0.0000 0.0000 0.5320 -6.8273 0.1891 48.8619 -0.0000 0.0000 1.2394 7.6813 18.4294 -12.3894 0.0000 -0.0000 -2.8468 2.9269 0.3157 11.3199 0.9444 0.6259 0.9765 5.8378 -6.7913 1.4876 4.4658 3.4376 19.1847 13.4060 -1.2556 -14.4494 -35.7967 -75.4003 0.0000 0.0540 -0.0000 -7.6101 5.6655 -13.3287 -0.0000 -0.0000 0.0000 -0.0000 -0.0000 0.0000 13.1514 -17.9252 0.4328 -10.0926 32.3252 73.3918 -0.0003 50.8335 0.0001 -31.7934 5.1895 4.7411 -0.0000 -0.0000 -0.0000 -0.0000 -0.0000 -0.0000
 66.4525 32.2525 12.8584 176.7927 17.7161 173.8206 -14.9169 3.7517 -2.8122 26.6538 -0.0000 0.0000 -20.3286 -5.3528 7.1226 8.1232 0.0000 -0.0000 -0.1624 -7.0454 -0.3787 51.2760 -0.0000 0.0000 1.6315 8.8502 18.8902 -9.3374 -0.0000 0.0000 -2.7655 2.7891 0.1961 11.1794 0.8040 0.6115 0.9858 5.7443 -6.7559 1.0912 4.4252 3.4397 19.2026 13.1024 -1.2265 -14.3437 -36.1907 -75.1978 0.0000 0.0017 -0.0000 -8.0025 5.5511 -13.5678 -0.0000 0.0000 -0.0000 -0.0000 0.0000 -0.0000 13.1548 -17.9875 0.6665 -9.7247 32.3660 73.2283 -0.0003 49.9325 0.0001 -31.9932 4.9449 4.9556 -0.0000 0.0000 -0.0000 -0.0000 0.0000 -0.0000
 66.5461 32.0205 12.4828 176.8857 17.0436 174.2904 -15.4303 3.0370 -3.6365 29.1494 -0.0000 0.0000 -21.5708 -5.2498 7.6917 6.1783 0.0000 0.0000 -1.0145 -7.0751 -1.4251 53.8487 -0.0000 0.0000 1.7593 9.7864 19.6729 -5.8443 0.0000 0.0000 -2.5948 2.6352 -0.1104 11.0033 0.6120 0.4248 1.1654 5.6040 -6.6751 0.2386 4.5577 3.0545 19.3574 12.9864 -1.5241 -14.2760 -36.4608 -74.7643 -0.0000 -0.2193 -0.0000 -7.9272 5.4221 -13.6997 -0.0000 0.0000 -0.0000 -0.0000 0.0000 -0.0000 13.2327 -17.9792 0.9141 -9.4373 32.4827 73.0201 -0.0002 48.9393 0.0001 -32.0684 4.6484 5.2691 0.0000 0.0000 -0.0000 0.0000 0.0000 -0.0000
 66.6504 31.7899 12.1271 176.9674 16.3081 174.4344 -16.2310 1.9307 -4.1623 32.0817 0.0000 0.0000 -22.9639 -4.4881 7.7215 6.3407 0.0000 0.0000 -1.9016 -7.0815 -2.0640 56.3634 -0.0000 0.0000 1.8518 10.4692 19.7769 -2.1330 0.0000 0.0000 -2.5330 2.5758 -0.2194 11.0972 0.5429 0.3718 1.0237 5.5168 -6.6194 -0.1540 4.4596 2.9651 19.3149 12.6642 -1.5532 -14.4385 -36.8710 -74.6211 -0.0000 -0.4506 -0.0000 -8.0305 5.3984 -13.7559 0.0000 0.0000 0.0000 0.0000 0.0000 0.0000 13.4219 -17.9521 1.2452 -9.2569 32.3808 72.7657 -0.0002 47.9011 0.0001 -32.2952 4.4203 5.5319 -0.0000 0.0000 -0.0000 -0.0000 0.0000 -0.0000
 66.7222 31.5665 11.7877 176.9198 15.6205 175.0820 -17.0507 0.9391 -5.2592 34.7169 -0.0000 0.0000 -24.1952 -3.7950 7.7457 5.8280 -0.0000 0.0000 -3.1507 -6.9463 -3.2058 59.1501 -0.0000 0.0000 1.4899 10.5663 19.7501 0.5060 0.0000 0.0000 -2.3722 2.4698 -0.5423 11.0118 0.3538 -0.0038 1.0300 5.3196 -6.4957 -1.0452 4.5922 2.6100 19.7034 12.6119 -2.0248 -14.8334 -37.4815 -74.0081 -0.0000 -0.7781 -0.0000 -8.2966 5.2580 -13.9356 -0.0000 -0.0000 -0.0000 -0.0000 -0.0000 -0.0000 13.7186 -18.0822 1.6974 -9.3369 32.6915 72.6134 -0.0002 46.4949 0.0001 -32.2291 4.1642 5.7273 -0.0000 0.0000 0.0000 -0.0000 0.0000 0.0000
 66.8340 31.3608 11.4614 176.9393 14.7114 175.2088 -17.6855 0.1819 -5.7085 37.3027 -0.0000 0.0000 -25.4901 -3.8021 8.4689 5.2800 0.0000 0.0000 -4.2213 -6.9281 -3.6633 61.8134 -0.0000 0.0000 0.6837 9.8966 19.5829 0.6427 -0.0000 -0.0000 -2.2826 2.3660 -0.6434 11.2471 0.2407 -0.0495 0.5629 5.3199 -6.4133 -1.1761 4.3855 2.4372 19.5721 12.2393 -2.0990 -15.1392 -37.9169 -73.7818 -0.0000 -1.0739 -0.0000 -8.4050 4.7840 -13.8367 -0.0000 -0.0000 -0.0000 -0.0000 -0.0000 -0.0000 13.9713 -18.0804 2.1212 -9.2767 32.5245 72.4549 -0.0002 45.3262 0.0001 -32.3617 3.7700 5.9537 -0.0000 -0.0000 -0.0000 -0.0000 -0.0000 -0.0000
 66.9131 31.1730 11.1409 176.7727 13.9506 175.7768 -18.1255 -0.0061 -6.4596 39.1805 -0.0000 0.0000 -26.5160 -4.0288 9.2894 4.9323 -0.0000 0.0000 -5.6851 -6.6842 -4.5527 64.5716 -0.0000 0.0000 -0.6923 8.5593 19.1930 0.1400 0.0000 -0.0000 -2.2304 2.2311 -0.9263 11.3297 0.0384 -0.3383 0.4019 5.1381 -6.4910 -2.0817 4.5031 2.4442 19.9864 12.3803 -2.6921 -15.8358 -38.9871 -73.1693 -0.0000 -1.4614 -0.0000 -8.5736 4.5307 -13.8320 0.0000 0.0000 -0.0000 0.0000 0.0000 -0.0000 14.3777 -18.2061 2.5240 -9.6168 32.8632 72.5100 -0.0002 43.6287 0.0001 -32.3667 3.6294 5.9378 -0.0000 0.0000 -0.0000 -0.0000 0.0000 -0.0000
 67.0297 31.0137 10.8242 176.7638 13.1638 175.8116 -18.1409 -0.0209 -6.5125 40.6657 -0.0000 0.0000 -27.7710 -4.6597 9.5326 5.1050 -0.0000 -0.0000 -6.8959 -6.4576 -4.7728 67.0046 -0.0000 0.0000 -2.2903 6.6479 18.6160 0.3400 0.0000 0.0000 -2.1515 2.1655 -0.9753 11.4992 -0.0313 -0.3605 0.0762 5.1081 -6.4279 -2.1965 4.3670 2.3186 20.1351 11.9716 -2.8610 -16.5123 -39.0524 -72.9722 -0.0000 -2.0021 -0.0000 -8.3448 3.9193 -13.2879 -0.0000 -0.0000 0.0000 -0.0000 -0.0000 0.0000 14.8412 -18.0396 2.8754 -9.7646 32.6916 72.5484 -0.0002 42.1474 0.0001 -32.1647 3.0911 5.7312 0.0000 -0.0000 0.0000 0.0000 -0.0000 0.0000
 67.1336 30.8795 10.4989 176.6987 12.4422 175.8652 -17.9506 -0.1075 -6.6049 41.6230 -0.0000 0.0000 -28.8584 -5.1054 9.4785 4.8846 -0.0000 0.0000 -8.1996 -6.1949 -5.0011 69.2359 -0.0000 0.0000 -3.9722 4.7064 17.4883 0.2835 -0.0000 -0.0000 -2.1003 2.1094 -0.9728 11.5922 -0.1013 -0.4129 0.0374 4.9477 -6.5609 -2.8669 4.3568 2.4521 20.2808 11.7843 -3.2102 -17.0544 -39.6411 -72.6117 -0.0000 -2.6651 -0.0000 -8.5625 3.5992 -12.8372 -0.0000 0.0000 -0.0000 -0.0000 0.0000 -0.0000 15.0260 -18.0509 3.0433 -9.7335 32.8536 72.7290 -0.0002 40.2780 0.0001 -31.7049 2.9097 5.6040 0.0000 0.0000 -0.0000 0.0000 0.0000 -0.0000
 67.2427 30.7804 10.1767 176.6840 12.0061 175.8695 -17.5630 -0.1562 -6.5972 42.2495 -0.0000 0.0000 -29.8181 -5.4086 9.5539 4.7789 0.0000 -0.0000 -9.6684 -5.7332 -5.1339 71.4123 -0.0000 0.0000 -5.4828 2.8576 15.6009 -0.1136 0.0000 -0.0000 -2.0268 2.1619 -0.9717 11.6715 -0.0604 -0.4679 -0.0751 4.9203 -6.5057 -3.1094 4.3721 2.2727 20.3708 11.6149 -3.5491 -17.6144 -39.8395 -72.3506 -0.0000 -3.4716 -0.0000 -8.2683 3.0436 -12.0071 -0.0000 0.0000 -0.0000 -0.0000 0.0000 -0.0000 15.2493 -17.8845 3.1954 -9.6376 33.0855 72.8796 -0.0002 38.3311 0.0001 -30.9664 2.6414 5.2375 -0.0000 -0.0000 0.0000 -0.0000 -0.0000 0.0000
 67.3432 30.7089 9.8388 176.6728 11.6390 175.8603 -17.0619 -0.5305 -6.6766 42.6350 -0.0000 0.0000 -30.5818 -5.4155 9.5291 4.6256 0.0000 0.0000 -10.9499 -5.1169 -5.1575 73.0526 -0.0000 0.0000 -7.3172 1.0302 13.7891 0.1651 -0.0000 0.0000 -1.9698 2.2526 -0.9407 11.6729 0.0228 -0.5063 -0.0100 4.8255 -6.5685 -3.4142 4.4080 2.2609 20.2980 11.5512 -3.7892 -18.2067 -39.8710 -72.3803 -0.0000 -4.4403 -0.0000 -7.8850 2.9870 -11.0312 -0.0000 0.0000 0.0000 -0.0000 0.0000 0.0000 15.2688 -17.7895 3.2543 -9.1742 33.4955 72.9278 -0.0002 36.3664 0.0001 -30.6303 2.4545 5.0273 -0.0000 0.0000 -0.0000 -0.0000 0.0000 -0.0000
 67.4365 30.6674 9.4969 176.7114 11.4302 175.8344 -16.4337 -1.0437 -6.8104 42.7589 -0.0000 0.0000 -31.2813 -5.0453 9.1271 4.9017 0.0000 -0.0000 -12.2734 -4.3899 -5.1530 74.5127 -0.0000 0.0000 -9.1328 -0.5189 11.9343 1.4047 -0.0000 -0.0000 -1.9186 2.4020 -0.8707 11.7270 0.1569 -0.5751 0.0604 4.7505 -6.6714 -3.6228 4.4940 2.2919 20.1753 11.4771 -4.0026 -18.6711 -39.8639 -72.4353 -0.0000 -5.5814 -0.0000 -7.7265 2.4421 -10.0358 -0.0000 0.0000 -0.0000 -0.0000 0.0000 -0.0000 15.0643 -17.7147 3.1591 -8.5613 34.1444 73.0666 -0.0001 34.2542 0.0000 -30.3847 2.2723 4.6332 -0.0000 0.0000 -0.0000 -0.0000 0.0000 -0.0000
 67.5271 30.6520 9.1491 176.7710 11.2268 175.8246 -15.6998 -1.5500 -6.9290 42.7294 -0.0000 0.0000 -31.6296 -4.7550 9.2032 4.6085 -0.0000 0.0000 -13.5635 -3.7133 -5.1445 75.6639 0.0000 0.0000 -10.7837 -1.7317 9.3563 1.4419 0.0000 -0.0000 -1.8478 2.5521 -0.8022 11.7189 0.2833 -0.6769 0.2293 4.6384 -6.7778 -3.7461 4.6014 2.3515 20.1888 11.4193 -4.1475 -19.2343 -39.7958 -72.6075 -0.0000 -6.9419 -0.0000 -7.7501 2.0603 -8.9739 0.0000 0.0000 -0.0000 0.0000 0.0000 -0.0000 15.0354 -17.6551 3.0848 -8.0543 34.8760 73.2253 -0.0001 32.1658 0.0000 -30.6583 2.1515 4.1947 -0.0000 0.0000 -0.0000 -0.0000 0.0000 -0.0000
 67.6187 30.6626 8.7911 176.8481 11.0639 175.8088 -14.8006 -1.7395 -6.9334 42.4617 -0.0000 0.0000 -31.7827 -4.7166 9.2736 4.1872 0.0000 0.0000 -14.7269 -2.9470 -5.0477 76.4113 -0.0000 0.0000 -12.4196 -2.8219 7.1611 1.6350 0.0000 0.0000 -1.7852 2.6846 -0.7398 11.6931 0.3868 -0.7957 0.3936 4.5912 -6.8401 -3.7055 4.7443 2.3864 20.2084 11.4521 -4.2160 -19.7431 -39.6617 -72.8741 -0.0000 -8.5307 -0.0000 -7.8194 1.6445 -8.0632 0.0000 -0.0000 -0.0000 0.0000 -0.0000 -0.0000 15.0443 -17.5821 3.0065 -7.5391 35.7258 73.3786 -0.0001 30.1002 0.0000 -30.1138 1.5181 4.3563 0.0000 0.0000 -0.0000 0.0000 0.0000 -0.0000
 67.7091 30.6989 8.4045 177.1426 10.8016 175.7507 -13.4756 -1.9705 -6.9285 41.8457 -0.0000 0.0000 -31.8199 -4.7257 9.3709 3.7797 0.0000 -0.0000 -15.5414 -2.3559 -4.9856 76.7588 -0.0000 0.0000 -13.7497 -3.4912 4.2842 0.9863 -0.0000 -0.0000 -1.6898 2.8008 -0.5997 11.9504 0.4309 -1.0537 0.2543 4.6149 -6.7873 -3.1752 4.8113 2.4191 19.9236 11.5361 -4.0624 -20.0950 -39.4724 -73.2936 -0.0000 -10.2049 -0.0000 -7.7144 1.1265 -7.3266 0.0000 -0.0000 -0.0000 0.0000 -0.0000 -0.0000 15.1236 -17.6916 3.1526 -7.0828 36.8204 73.3762 -0.0001 28.1294 0.0000 -29.6261 0.8286 4.8941 0.0000 0.0000 -0.0000 0.0000 0.0000 -0.0000
 67.8006 30.7556 8.0442 177.0955 10.4780 175.7396 -12.4696 -2.2951 -6.8646 41.0955 -0.0000 0.0000 -31.7034 -4.8267 9.2786 3.4387 0.0000 0.0000 -16.7115 -1.8246 -4.8752 76.8586 -0.0000 0.0000 -15.0691 -4.0706 2.2110 0.6279 0.0000 -0.0000 -1.6452 2.8271 -0.6010 11.7434 0.4547 -1.0688 0.4610 4.5970 -6.7851 -2.9292 4.9442 2.3768 20.0058 11.6032 -4.0420 -20.4752 -39.4311 -73.6479 -0.0000 -12.0113 -0.0000 -8.1116 0.4695 -6.8343 0.0000 0.0000 -0.0000 0.0000 0.0000 -0.0000 15.0613 -17.6212 3.0847 -6.2903 37.4425 73.4013 -0.0001 26.4330 0.0000 -28.8543 -0.0746 5.5862 0.0000 -0.0000 0.0000 0.0000 -0.0000 0.0000
 67.8860 30.8335 7.6711 177.0502 10.1677 175.7301 -11.3146 -2.6638 -6.8092 40.0623 -0.0000 0.0000 -31.4468 -4.8724 9.1429 3.1001 0.0000 0.0000 -17.7585 -1.3061 -4.7838 76.5563 -0.0000 0.0000 -16.4473 -4.4530 0.5797 1.1720 0.0000 -0.0000 -1.6727 2.7914 -0.5807 11.6250 0.4136 -1.0795 0.7082 4.6157 -6.8721 -2.7893 5.1399 2.4142 20.1431 11.6803 -4.0975 -20.6328 -39.3529 -73.8172 -0.0001 -14.2277 -0.0000 -8.5817 0.1176 -6.5374 0.0000 -0.0000 0.0000 0.0000 -0.0000 0.0000 15.1080 -17.4385 2.9954 -5.5037 38.4801 73.3562 -0.0001 24.5672 0.0000 -28.1828 0.0243 6.0355 0.0000 -0.0000 0.0000 0.0000 -0.0000 0.0000
 67.9694 30.9307 7.2952 176.9832 9.7010 175.7266 -10.1012 -3.2875 -6.7932 38.8146 -0.0000 0.0000 -30.9838 -4.8422 9.1446 2.6979 0.0000 0.0000 -18.6767 -0.8870 -4.6959 75.8923 -0.0000 0.0000 -17.6200 -4.5251 -0.6107 1.1860 0.0000 0.0000 -1.7355 2.6936 -0.5785 11.6206 0.3178 -1.0529 0.7210 4.7557 -6.9282 -2.4013 5.2555 2.4401 20.0986 11.7835 -4.0919 -20.6954 -39.4016 -74.0282 -0.0001 -16.3891 -0.0000 -9.1935 -0.4122 -6.6528 -0.0000 -0.0000 -0.0000 -0.0000 -0.0000 -0.0000 15.1620 -17.4658 3.0289 -4.7692 39.2737 73.1854 -0.0001 23.0990 0.0000 -27.1135 -0.4973 7.0794 -0.0000 0.0000 0.0000 -0.0000 0.0000 0.0000
 68.0520 31.0443 6.9178 176.8937 9.1959 175.7249 -8.8523 -3.9900 -6.7618 37.4223 -0.0000 0.0000 -30.3109 -4.7530 9.1537 2.1589 -0.0000 0.0000 -19.5426 -0.5452 -4.6276 74.9158 -0.0000 0.0000 -18.6617 -4.4047 -1.3735 0.9606 0.0000 -0.0000 -1.7873 2.5930 -0.5949 11.5842 0.2252 -1.0057 0.7233 4.8787 -6.9437 -2.0329 5.3376 2.4376 20.0876 11.8574 -4.0419 -20.7574 -39.4881 -74.2645 -0.0001 -18.5595 -0.0000 -10.3891 -1.2669 -7.3708 0.0000 -0.0000 -0.0000 0.0000 -0.0000 -0.0000 15.2692 -17.5497 3.1424 -4.0208 39.8959 72.9160 -0.0001 22.0482 0.0000 -26.0144 -1.7038 8.0016 0.0000 0.0000 0.0000 0.0000 0.0000 0.0000
 68.1313 31.1682 6.5336 176.7848 8.6798 175.7272 -7.6133 -4.6829 -6.7027 36.0146 0.0000 0.0000 -29.5420 -4.7317 9.0943 1.5142 -0.0000 -0.0000 -20.3246 -0.1723 -4.5448 73.6569 -0.0000 0.0000 -19.7790 -4.0997 -1.8221 1.4471 0.0000 -0.0000 -1.8407 2.5021 -0.6057 11.4988 0.1440 -0.9541 0.7497 4.9755 -6.9467 -1.7415 5.4029 2.4134 20.0404 11.9358 -4.0026 -20.6758 -39.6449 -74.4284 -0.0001 -20.8662 -0.0000 -11.5100 -1.6769 -8.0771 0.0000 -0.0000 -0.0000 0.0000 -0.0000 -0.0000 15.3845 -17.6816 3.2395 -3.2186 40.4473 72.6422 -0.0001 21.0412 0.0000 -24.4635 -2.5729 9.4113 -0.0000 -0.0000 0.0000 -0.0000 -0.0000 0.0000
 68.2107 31.3038 6.1540 176.6514 8.0997 175.7220 -6.3589 -5.4520 -6.5956 34.4944 -0.0000 0.0000 -28.5414 -4.6605 8.9163 0.9660 -0.0000 0.0000 -21.0400 0.1136 -4.4627 72.0792 -0.0000 0.0000 -20.5528 -3.7472 -2.3814 1.4199 -0.0000 0.0000 -1.8781 2.3917 -0.6258 11.3934 0.0460 -0.8927 0.7703 5.0430 -6.9212 -1.5330 5.4455 2.3829 19.9632 11.9647 -3.9348 -20.5242 -39.9038 -74.5323 -0.0001 -23.1148 -0.0000 -12.3466 -1.9460 -8.8362 -0.0000 -0.0000 -0.0000 -0.0000 -0.0000 -0.0000 15.5402 -17.8510 3.3951 -2.4528 40.8419 72.3687 -0.0001 20.2239 0.0000 -23.3141 -3.2559 10.2171 0.0000 -0.0000 0.0000 0.0000 -0.0000 0.0000
 68.2896 31.4481 5.7696 176.5103 7.4812 175.7035 -5.1294 -6.1946 -6.4201 33.0449 -0.0000 0.0000 -27.3042 -4.7547 9.0821 -0.1197 -0.0000 0.0000 -21.6375 0.3714 -4.3665 70.1906 -0.0000 0.0000 -21.1555 -3.4025 -2.6678 1.3999 -0.0000 -0.0000 -1.9232 2.2700 -0.6390 11.2781 -0.0602 -0.8165 0.8333 5.1074 -6.8849 -1.4209 5.5180 2.3517 19.9101 11.9391 -3.8515 -20.3397 -40.1482 -74.6153 -0.0001 -25.3498 -0.0000 -13.2219 -2.2485 -9.6105 -0.0000 0.0000 0.0000 -0.0000 0.0000 0.0000 15.7300 -18.0205 3.5463 -1.7067 41.1457 72.1012 -0.0001 19.5200 0.0000 -22.6173 -3.8453 10.8768 0.0000 0.0000 -0.0000 0.0000 0.0000 -0.0000
 68.3685 31.5977 5.3817 176.3631 6.8662 175.6660 -3.9313 -6.8205 -6.1545 31.5993 -0.0000 0.0000 -26.1500 -4.9028 8.6046 -0.8263 -0.0000 0.0000 -22.1465 0.5768 -4.2677 68.0312 -0.0000 0.0000 -21.6037 -3.1345 -2.8683 1.1698 0.0000 0.0000 -1.9708 2.1546 -0.6471 11.1777 -0.1577 -0.7300 0.8381 5.1788 -6.8389 -1.3096 5.5576 2.3219 19.8182 11.9245 -3.7535 -20.1097 -40.4914 -74.6790 -0.0001 -27.5381 -0.0000 -14.1455 -2.5208 -10.2920 0.0000 -0.0000 -0.0000 0.0000 -0.0000 -0.0000 15.8742 -18.2050 3.6816 -0.8881 41.4623 71.8343 -0.0001 18.9086 0.0000 -21.7566 -4.2658 11.1768 -0.0000 0.0000 0.0000 -0.0000 0.0000 0.0000
 68.4477 31.7516 4.9952 176.2103 6.2158 175.6047 -2.7851 -7.2738 -5.8153 30.3054 -0.0000 0.0000 -24.7772 -5.1941 8.3699 -1.9177 -0.0000 0.0000 -22.5546 0.7340 -4.1536 65.6412 -0.0000 0.0000 -22.0141 -2.9164 -2.9263 1.2054 -0.0000 0.0000 -2.0149 2.0274 -0.6361 11.1169 -0.2637 -0.6265 0.7694 5.2665 -6.8263 -1.1932 5.5555 2.3261 19.7200 11.9082 -3.6548 -19.9200 -40.8606 -74.7566 -0.0001 -29.6599 -0.0000 -14.6367 -2.6736 -11.0369 -0.0000 0.0000 0.0000 -0.0000 0.0000 0.0000 15.9995 -18.4281 3.7840 -0.2325 41.5290 71.6844 -0.0001 18.4003 0.0000 -21.4368 -4.7236 11.4910 -0.0000 -0.0000 -0.0000 -0.0000 -0.0000 -0.0000
 68.5260 31.9080 4.6084 176.0520 5.5525 175.5154 -1.7017 -7.6589 -5.3900 29.1241 -0.0000 0.0000 -23.3865 -5.6563 8.0238 -2.6828 -0.0000 -0.0000 -22.8581 0.8713 -4.0022 63.0281 -0.0000 0.0000 -22.0943 -2.6790 -3.8063 0.5579 0.0000 0.0000 -2.0683 1.8900 -0.6091 11.0927 -0.3756 -0.5013 0.6551 5.3847 -6.8277 -1.1093 5.5475 2.3590 19.6820 11.8891 -3.5680 -19.8278 -41.2258 -74.8366 -0.0001 -31.6742 -0.0000 -15.1148 -2.9222 -11.8489 -0.0000 0.0000 0.0000 -0.0000 0.0000 0.0000 16.0499 -18.6173 3.8450 0.4560 41.4954 71.5501 -0.0001 17.9816 0.0000 -21.2329 -5.0030 11.4692 -0.0000 0.0000 0.0000 -0.0000 0.0000 0.0000
 68.6058 32.0657 4.2231 175.8822 4.8924 175.4128 -0.6691 -8.1198 -4.9846 27.9762 -0.0000 0.0000 -21.9091 -5.9070 7.6936 -3.7529 0.0000 0.0000 -23.0656 0.9780 -3.8562 60.0930 -0.0000 0.0000 -22.3204 -2.6967 -3.9226 0.5732 -0.0000 -0.0000 -2.1167 1.7582 -0.5714 11.0649 -0.4805 -0.3696 0.5160 5.4869 -6.8497 -0.9902 5.5114 2.3528 19.5951 11.8962 -3.4451 -19.7727 -41.6031 -74.9878 -0.0001 -33.5145 -0.0000 -15.1926 -3.1826 -12.5224 0.0000 -0.0000 0.0000 0.0000 -0.0000 0.0000 16.1182 -18.7582 3.8616 0.8617 41.1730 71.6414 -0.0001 17.4245 0.0000 -21.2563 -5.0330 11.6500 0.0000 -0.0000 0.0000 0.0000 -0.0000 0.0000
 68.6791 32.2154 3.8374 175.7096 4.2572 175.3224 0.2766 -8.3551 -4.5788 26.9968 -0.0000 0.0000 -20.4004 -6.2330 7.5275 -5.1295 0.0000 -0.0000 -23.2049 1.1111 -3.7451 57.0288 -0.0000 0.0000 -22.3797 -2.6501 -4.0455 0.2666 -0.0000 0.0000 -2.1531 1.6380 -0.5236 11.0245 -0.5777 -0.2544 0.3819 5.5853 -6.8796 -0.9559 5.4833 2.3720 19.4830 11.9422 -3.2988 -19.7457 -41.9747 -75.2063 -0.0001 -35.2058 -0.0000 -15.4426 -3.6349 -13.2565 -0.0000 0.0000 -0.0000 -0.0000 0.0000 -0.0000 16.1864 -18.9015 3.8272 1.2478 40.7741 71.7469 -0.0001 17.0560 0.0000 -21.2453 -5.2245 11.6991 -0.0000 -0.0000 -0.0000 -0.0000 -0.0000 -0.0000
 68.7503 32.3592 3.4537 175.5260 3.6414 175.2306 1.1137 -8.4502 -4.1691 26.1966 -0.0000 0.0000 -18.8567 -6.6358 7.4156 -6.3754 0.0000 -0.0000 -23.2690 1.2530 -3.6510 53.7642 -0.0000 0.0000 -22.5246 -2.4719 -4.1164 0.3700 0.0000 0.0000 -2.1795 1.5226 -0.4701 10.9771 -0.6710 -0.1429 0.2259 5.6893 -6.9191 -0.9351 5.4492 2.3921 19.3434 12.0064 -3.1212 -19.8113 -42.3360 -75.5343 -0.0002 -36.5476 -0.0001 -15.5766 -4.4377 -13.9068 -0.0000 -0.0000 -0.0000 -0.0000 -0.0000 -0.0000 16.2650 -19.0452 3.8021 1.5167 40.1858 71.8829 -0.0001 16.7758 0.0000 -21.2090 -5.4957 11.8108 0.0000 -0.0000 0.0000 0.0000 -0.0000 0.0000
 68.8209 32.4953 3.0717 175.3256 3.0277 175.1154 1.8066 -8.3844 -3.7164 25.6352 -0.0000 0.0000 -17.3564 -7.1807 7.0301 -7.6170 0.0000 0.0000 -23.2484 1.3857 -3.5459 50.2922 -0.0000 0.0000 -22.5060 -2.1681 -4.2806 -0.4246 -0.0000 -0.0000 -2.2483 1.4253 -0.4049 11.0092 -0.7467 -0.0301 0.0076 5.7979 -6.9453 -0.9224 5.3837 2.4720 19.1209 12.0929 -2.9013 -20.0036 -42.7773 -75.9910 -0.0002 -37.4593 -0.0001 -15.9038 -5.5366 -14.4411 -0.0000 -0.0000 -0.0000 -0.0000 -0.0000 -0.0000 16.3076 -19.0704 3.7297 1.6358 39.4391 72.1332 -0.0001 16.4127 0.0000 -20.8974 -5.7834 12.0555 -0.0000 0.0000 0.0000 -0.0000 0.0000 0.0000
 68.8830 32.6173 2.6873 175.1218 2.4781 175.0363 2.4066 -8.1871 -3.3516 25.2747 -0.0000 0.0000 -15.9055 -7.5957 7.1770 -8.7956 0.0000 -0.0000 -23.1589 1.5462 -3.4978 46.7053 -0.0000 0.0000 -22.8206 -1.8784 -4.1750 -0.2524 0.0000 -0.0000 -2.2984 1.3566 -0.3331 10.9749 -0.7989 0.0580 -0.1314 5.8679 -6.9755 -0.9971 5.3527 2.4252 18.9744 12.2041 -2.6701 -20.3943 -43.1970 -76.5940 -0.0002 -37.9448 -0.0001 -16.4961 -6.7278 -15.2002 -0.0000 0.0000 -0.0000 -0.0000 0.0000 -0.0000 16.3274 -19.1392 3.6384 1.9160 38.9116 72.2203 -0.0001 16.2157 0.0000 -21.2956 -5.9357 12.0590 0.0000 -0.0000 0.0000 0.0000 -0.0000 0.0000
 68.9401 32.7281 2.3054 174.9092 1.9587 174.9639 2.8621 -7.9910 -3.0421 25.1122 -0.0000 0.0000 -14.5079 -7.9479 7.2600 -10.0173 0.0000 -0.0000 -23.0305 1.7979 -3.4313 43.1209 -0.0000 0.0000 -23.1037 -1.6509 -3.8034 -0.2880 0.0000 -0.0000 -2.3631 1.3169 -0.2581 10.9809 -0.8244 0.1343 -0.3382 5.9518 -7.0063 -1.0346 5.2963 2.4138 18.7965 12.2908 -2.4546 -20.8378 -43.6475 -77.2178 -0.0002 -38.1322 -0.0001 -17.4488 -7.8450 -15.8320 0.0000 -0.0000 0.0000 0.0000 -0.0000 0.0000 16.3363 -19.1624 3.5496 2.1038 38.3282 72.3181 -0.0001 16.0209 0.0000 -21.2769 -6.1949 12.1028 -0.0000 -0.0000 -0.0000 -0.0000 -0.0000 -0.0000
 68.9971 32.8227 1.9254 174.6837 1.4154 174.8762 3.1354 -7.6142 -2.7001 25.2817 -0.0000 0.0000 -13.2691 -8.3790 7.1709 -11.2962 0.0000 -0.0000 -22.8573 1.8712 -3.4220 39.4594 -0.0000 0.0000 -23.3723 -1.1881 -3.5349 -0.3814 0.0000 -0.0000 -2.4916 1.2973 -0.1699 11.0756 -0.8284 0.2175 -0.4971 5.9642 -7.0714 -1.1803 5.2192 2.4314 18.6235 12.3420 -2.1987 -21.4788 -44.1123 -77.9705 -0.0002 -38.0040 -0.0001 -18.4736 -8.6931 -16.2879 -0.0000 0.0000 0.0000 -0.0000 0.0000 0.0000 16.3517 -19.1343 3.4375 2.1644 37.7109 72.4645 -0.0001 15.8270 0.0000 -21.4130 -6.4489 12.2703 0.0000 0.0000 -0.0000 0.0000 0.0000 -0.0000
 69.0484 32.8961 1.5389 174.5166 1.0832 174.8748 3.4487 -7.1466 -2.5296 25.4866 -0.0000 0.0000 -12.0069 -8.7175 7.3192 -12.3826 0.0000 -0.0000 -22.6824 2.1523 -3.4371 36.0243 -0.0000 0.0000 -23.6967 -0.6399 -2.4929 -0.1801 0.0000 -0.0000 -2.4477 1.3453 -0.1319 10.8982 -0.7745 0.2428 -0.6409 6.0689 -7.1753 -1.2050 5.2222 2.5745 18.3939 12.4777 -2.0082 -21.8127 -44.4116 -78.6394 -0.0002 -37.8663 -0.0001 -19.4941 -9.1220 -16.7772 -0.0000 0.0000 -0.0000 -0.0000 0.0000 -0.0000 16.4869 -19.1767 3.2979 2.1548 37.5052 72.5690 -0.0001 15.4294 0.0000 -21.3377 -6.4929 12.4473 0.0000 -0.0000 -0.0000 0.0000 -0.0000 -0.0000
 69.1022 32.9555 1.1629 174.2964 0.4168 174.7690 3.3527 -6.9808 -2.2769 26.3695 -0.0000 0.0000 -10.9496 -8.9719 7.3807 -13.6156 0.0000 0.0000 -22.4265 2.0035 -3.5036 32.5841 -0.0000 0.0000 -23.7703 -0.1012 -2.0979 -0.4484 0.0000 0.0000 -2.5693 1.2876 -0.0330 11.0298 -0.8083 0.3622 -0.8422 6.0948 -7.1389 -1.3080 5.1489 2.3373 18.3413 12.3847 -1.8086 -22.5826 -44.7364 -79.3674 -0.0002 -37.4251 -0.0001 -20.1613 -9.2692 -16.9975 0.0000 0.0000 -0.0000 0.0000 0.0000 -0.0000 16.3811 -19.1169 3.2090 2.4899 37.1711 72.4098 -0.0001 15.5603 0.0000 -21.6428 -6.9758 12.5109 0.0000 0.0000 -0.0000 0.0000 0.0000 -0.0000
 69.1567 32.9901 0.7758 174.1493 0.0755 174.7452 3.3959 -6.6748 -2.1652 27.1282 -0.0000 0.0000 -9.9877 -8.9438 7.1737 -14.7982 0.0000 0.0000 -22.2139 2.1847 -3.5003 29.5197 -0.0000 0.0000 -23.8350 0.3655 -2.0211 -0.7664 0.0000 0.0000 -2.5580 1.3703 -0.0051 10.9116 -0.7195 0.3843 -0.9802 6.1790 -7.1431 -1.3133 5.1520 2.4040 18.1031 12.4346 -1.6473 -22.8835 -44.9397 -79.9519 -0.0002 -37.0724 -0.0001 -20.6585 -8.9556 -17.2215 0.0000 0.0000 0.0000 0.0000 0.0000 0.0000 16.4710 -18.9934 3.0586 2.4284 37.0990 72.5019 -0.0001 15.0318 0.0000 -21.5359 -6.7302 12.7045 -0.0000 0.0000 -0.0000 -0.0000 0.0000 -0.0000
 69.2233 33.0092 0.3975 173.9657 -0.6194 174.5862 3.0009 -6.4225 -1.8694 28.7137 -0.0000 -0.0000 -9.1964 -9.1231 7.1092 -15.7538 0.0000 0.0000 -21.9383 2.0162 -3.4590 26.6643 -0.0000 0.0000 -23.7883 0.3258 -2.2057 0.1754 0.0000 -0.0000 -2.6784 1.2847 0.0857 11.0771 -0.7760 0.5243 -1.1516 6.1682 -7.0979 -1.4419 5.1484 2.1894 18.0022 12.2674 -1.4832 -23.3509 -45.0317 -80.4533 -0.0002 -36.6602 -0.0001 -20.5491 -8.7210 -17.1390 0.0000 0.0000 -0.0000 0.0000 0.0000 -0.0000 16.3294 -18.8540 3.0060 2.7629 37.0024 72.2015 -0.0001 15.2216 0.0000 -21.6398 -7.1129 12.7387 0.0000 -0.0000 0.0000 0.0000 -0.0000 0.0000
 69.3043 33.0074 0.0103 173.7929 -1.1792 174.3150 2.5520 -6.1038 -1.4585 30.4892 -0.0000 0.0000 -8.6063 -9.2151 6.7825 -16.6431 0.0000 -0.0000 -21.7012 2.0800 -3.1710 24.2231 -0.0000 0.0000 -23.8396 0.2913 -2.4555 -0.3956 0.0000 0.0000 -2.8502 1.2444 0.2244 11.2624 -0.7744 0.7127 -1.3270 6.1693 -7.1702 -1.5502 5.2173 2.2531 17.6843 12.1643 -1.3910 -23.4419 -45.2263 -80.7363 -0.0002 -36.2097 -0.0001 -20.7134 -8.4056 -16.9646 0.0000 0.0000 0.0000 0.0000 0.0000 0.0000 16.4421 -18.7529 2.9412 2.4992 36.8498 72.1433 -0.0001 15.0881 0.0000 -20.2558 -7.4740 13.6068 0.0000 0.0000 -0.0000 0.0000 0.0000 -0.0000
 69.3748 32.9777 -0.3869 173.7286 -1.5076 174.2644 2.2039 -5.6796 -1.3232 32.2358 -0.0000 0.0000 -8.0217 -9.1172 6.4546 -17.4775 0.0000 -0.0000 -21.5218 2.5753 -3.0253 22.3969 -0.0000 -0.0000 -24.1040 0.4458 -2.4223 -2.0666 0.0000 -0.0000 -2.8529 1.3324 0.2288 11.1631 -0.6802 0.7306 -1.3130 6.1886 -7.1685 -1.6295 5.2976 2.3445 17.7347 12.1121 -1.3302 -23.6819 -45.3122 -80.9782 -0.0002 -35.7075 -0.0000 -19.9158 -7.8081 -16.8754 0.0000 0.0000 -0.0000 0.0000 0.0000 -0.0000 16.3381 -18.6131 2.8110 2.6920 37.0439 71.9612 -0.0001 14.8511 0.0000 -20.3437 -7.2933 13.5782 0.0000 -0.0000 0.0000 0.0000 -0.0000 0.0000
 69.4745 32.9300 -0.7800 173.6789 -2.1708 173.7680 1.5252 -5.3346 -0.6300 34.8191 -0.0000 0.0000 -7.8654 -9.2879 5.9493 -17.4877 0.0000 -0.0000 -21.2798 2.6241 -2.4975 20.9307 -0.0000 0.0000 -24.0245 -0.1838 -3.2025 -3.1984 0.0000 -0.0000 -2.9734 1.2022 0.4623 11.5149 -0.7299 1.0832 -1.6962 6.2602 -7.2702 -1.5011 5.3695 2.3299 17.4226 12.1059 -1.3991 -23.6235 -45.5640 -81.0065 -0.0001 -35.2146 -0.0000 -19.3241 -7.5687 -16.5456 -0.0000 0.0000 -0.0000 -0.0000 0.0000 -0.0000 16.1597 -18.5280 2.7511 2.6475 37.0690 71.6184 -0.0001 14.8902 0.0000 -20.0100 -7.5251 13.9038 0.0000 -0.0000 -0.0000 0.0000 -0.0000 -0.0000
 69.5607 32.8534 -1.1825 173.6924 -2.5499 173.7180 0.9568 -4.9148 -0.4359 37.1385 -0.0000 0.0000 -7.4560 -9.3251 5.1380 -17.4206 0.0000 0.0000 -21.1959 3.0679 -2.2886 20.2368 -0.0000 0.0000 -24.5553 -0.6919 -2.7394 -2.4721 -0.0000 0.0000 -2.9910 1.3119 0.4263 11.4418 -0.6175 1.0768 -1.4114 6.0890 -7.1809 -1.8670 5.4875 2.3144 17.6922 11.8966 -1.3431 -23.8151 -45.6765 -80.9728 -0.0001 -34.6690 -0.0000 -18.7312 -7.1622 -16.0604 -0.0000 0.0000 0.0000 -0.0000 0.0000 0.0000 16.2820 -18.1733 2.6977 2.5815 37.2308 71.4812 -0.0001 14.5917 0.0000 -20.6508 -7.1512 13.5969 -0.0000 0.0000 0.0000 -0.0000 0.0000 0.0000
 69.6538 32.7553 -1.5976 173.7890 -3.0984 173.4516 0.3333 -4.7766 -0.0420 39.9408 -0.0000 0.0000 -7.6753 -9.1960 3.8939 -14.4123 0.0000 -0.0000 -20.9530 3.0916 -1.9387 19.8089 -0.0000 0.0000 -24.8996 -0.9034 -2.1312 -1.3869 0.0000 -0.0000 -3.0434 1.3084 0.5749 11.7341 -0.6081 1.1321 -1.5981 6.0009 -7.2056 -1.9554 5.6476 2.5013 17.6058 11.9433 -1.4545 -23.7054 -45.9685 -80.7331 -0.0001 -34.1656 -0.0000 -18.1126 -6.6929 -15.5901 0.0000 0.0000 0.0000 0.0000 0.0000 0.0000 15.8569 -18.0224 2.6472 2.7332 37.2577 71.1877 -0.0001 14.4447 0.0000 -20.8511 -7.1865 13.7352 -0.0000 0.0000 -0.0000 -0.0000 0.0000 -0.0000
 69.7640 32.6347 -2.0208 173.9984 -3.6198 172.9862 -0.3029 -4.5604 0.6061 42.9678 -0.0000 0.0000 -7.5702 -8.9992 3.2959 -13.9745 0.0000 -0.0000 -20.6816 3.0716 -1.3408 19.8790 -0.0000 -0.0000 -24.7458 -1.0327 -0.7245 -1.9680 -0.0000 -0.0000 -2.9198 1.3356 0.8105 11.7156 -0.5430 1.3058 -1.4955 5.8338 -7.1203 -2.0302 5.8914 2.4321 17.7787 11.8581 -1.5864 -23.5330 -46.1638 -80.3901 -0.0001 -33.5202 -0.0000 -18.2870 -6.6356 -15.0966 -0.0000 -0.0000 -0.0000 -0.0000 -0.0000 -0.0000 15.4794 -17.7036 2.5322 2.9489 36.8469 71.0135 -0.0001 14.3932 0.0000 -20.9043 -7.0875 13.5163 -0.0000 0.0000 0.0000 -0.0000 0.0000 0.0000
 69.8557 32.4897 -2.4471 174.2369 -4.2043 172.6969 -1.0075 -4.4367 1.0269 46.1619 -0.0000 0.0000 -7.5460 -8.7639 2.1274 -12.8499 -0.0000 -0.0000 -20.3910 2.9758 -0.9981 20.4614 -0.0000 0.0000 -24.2617 -0.7676 1.1623 -2.7096 -0.0000 -0.0000 -2.8790 1.3290 0.9768 11.9542 -0.5311 1.3969 -1.5296 5.7828 -7.1869 -2.1614 6.0255 2.6120 17.7145 11.8705 -1.7690 -23.2048 -46.2627 -80.0184 -0.0001 -32.8965 -0.0000 -17.3589 -6.4756 -14.9794 0.0000 0.0000 0.0000 0.0000 0.0000 0.0000 15.5795 -17.7057 2.7277 2.5449 37.0269 70.5853 -0.0001 14.2836 0.0000 -21.1814 -7.1386 13.1662 0.0000 0.0000 -0.0000 0.0000 0.0000 -0.0000
 69.9297 32.3120 -2.8632 174.3365 -4.7514 172.6833 -1.9484 -4.4136 1.0796 49.3918 -0.0000 0.0000 -7.1491 -8.2067 1.5997 -12.2356 0.0000 -0.0000 -20.3059 3.0036 -1.0125 21.8347 -0.0000 -0.0000 -22.5292 0.2131 2.7806 -3.4735 0.0000 -0.0000 -2.8901 1.4186 0.9390 11.9105 -0.4462 1.3654 -1.2858 5.6584 -6.9961 -2.3272 6.1135 2.3919 17.9941 11.7984 -1.7825 -23.3159 -46.3861 -79.9172 -0.0001 -31.9567 -0.0000 -17.2573 -6.6672 -14.7963 -0.0000 0.0000 -0.0000 -0.0000 0.0000 -0.0000 15.4518 -17.5796 2.7649 2.4507 36.8109 70.3126 -0.0001 14.2565 0.0000 -21.5097 -7.0138 12.6924 0.0000 0.0000 -0.0000 0.0000 0.0000 -0.0000
 70.0000 32.1134 -3.3049 174.8170 -5.4237 172.5624 -2.4949 -4.4778 1.2652 52.7067 -0.0000 0.0000 -6.8115 -7.5672 0.6890 -11.1446 0.0000 0.0000 -20.0596 2.8882 -0.7826 24.1965 -0.0000 0.0000 -21.1320 0.9078 3.1046 -3.4253 0.0000 0.0000 -2.4809 1.3394 1.0697 11.7481 -0.5622 1.3001 -1.0981 5.6451 -7.0346 -2.4607 6.4098 2.5587 18.1674 12.0247 -2.0711 -22.7812 -46.3978 -79.3857 -0.0001 -31.2825 -0.0000 -17.2580 -6.7145 -14.5907 -0.0000 -0.0000 -0.0000 -0.0000 -0.0000 -0.0000 15.7497 -17.3860 2.9779 2.0155 36.8139 69.8545 -0.0001 14.2400 0.0000 -21.1941 -7.0835 12.3602 -0.0000 0.0000 0.0000 -0.0000 0.0000 0.0000
 70.0624 31.9040 -3.7148 174.9460 -5.9535 172.5710 -3.5690 -4.4416 1.2828 56.1100 -0.0000 0.0000 -6.3376 -6.8719 -0.3366 -9.8452 0.0000 0.0000 -20.4348 2.9422 -0.6790 26.8724 -0.0000 -0.0000 -22.0885 0.9787 2.1254 -1.6117 -0.0000 0.0000 -2.4844 1.4687 1.0403 11.8081 -0.4381 1.2674 -0.8886 5.5348 -6.8484 -2.8370 6.5000 2.2061 18.2722 11.9012 -2.1699 -22.5535 -46.3559 -79.0706 -0.0001 -30.3947 -0.0000 -17.4360 -6.9386 -14.3756 0.0000 -0.0000 0.0000 0.0000 -0.0000 0.0000 15.4147 -17.3334 3.0805 1.9772 36.5801 69.4480 -0.0001 14.3032 0.0000 -21.1094 -7.0287 11.8196 0.0000 -0.0000 0.0000 0.0000 -0.0000 0.0000
 70.1321 31.6858 -4.1117 175.0465 -6.4861 172.5541 -4.7714 -4.4556 1.3379 59.6218 -0.0000 0.0000 -6.2047 -6.1487 -1.7760 -6.0501 -0.0000 -0.0000 -21.0156 2.8523 -0.5812 29.7722 -0.0000 0.0000 -24.5631 -0.4421 5.5439 1.4195 -0.0000 0.0000 -2.3840 1.5617 0.9976 11.7261 -0.3512 1.2442 -0.7360 5.5020 -6.6645 -3.1362 6.6357 1.8617 18.3326 11.8854 -2.3050 -22.2000 -46.1687 -78.7381 -0.0001 -29.4855 -0.0000 -17.4467 -7.0883 -14.0153 0.0000 -0.0000 0.0000 0.0000 -0.0000 0.0000 15.0751 -17.2808 3.3170 2.1006 36.5563 68.7746 -0.0001 14.5027 0.0000 -21.2907 -6.9211 11.0153 0.0000 -0.0000 0.0000 0.0000 -0.0000 0.0000
 70.2228 31.4684 -4.4976 175.1707 -6.9128 172.1805 -6.0543 -4.3276 1.8230 63.2065 -0.0000 0.0000 -5.8770 -5.4422 -2.7670 -3.2654 0.0000 0.0000 -21.6546 2.7423 -0.0825 32.5135 -0.0000 0.0000 -25.4693 -1.5111 6.3644 2.6223 -0.0000 -0.0000 -1.9981 1.6613 1.1725 11.1502 -0.2363 1.3941 -0.3065 5.3660 -6.6688 -3.6960 6.9992 1.7338 18.5726 11.8057 -2.6157 -21.5649 -45.5197 -78.2340 -0.0001 -28.7578 -0.0000 -18.8197 -7.2288 -13.2611 -0.0000 -0.0000 -0.0000 -0.0000 -0.0000 -0.0000 15.3763 -17.2583 3.7603 1.7933 36.9438 67.9228 -0.0001 14.4793 0.0000 -21.3083 -6.7444 10.2406 -0.0000 0.0000 0.0000 -0.0000 0.0000 0.0000
 70.3312 31.2659 -4.8762 175.2030 -7.2751 171.5573 -7.5224 -4.0986 2.6475 66.8118 -0.0000 0.0000 -5.8247 -4.8954 -3.2982 1.0372 0.0000 0.0000 -22.4025 2.0351 0.6995 35.2707 -0.0000 0.0000 -26.8930 -0.9055 5.4572 4.0818 -0.0000 0.0000 -1.9002 1.8436 1.4179 11.0391 0.0146 1.7329 -0.1821 5.2355 -6.5090 -4.0987 7.3128 1.3028 18.8784 11.7178 -2.8999 -21.5663 -44.9755 -78.0454 -0.0001 -27.6822 -0.0000 -18.0221 -7.2794 -12.6341 -0.0000 0.0000 0.0000 -0.0000 0.0000 0.0000 15.4814 -17.2456 4.3251 1.2171 36.6874 67.0826 -0.0001 14.6316 0.0000 -20.6629 -6.8609 9.8494 -0.0000 -0.0000 0.0000 -0.0000 -0.0000 0.0000
 70.3739 31.0716 -5.2470 175.2524 -7.6433 171.4502 -8.9578 -4.0266 2.6581 70.0263 -0.0000 0.0000 -6.1227 -4.0196 -2.7327 7.5261 -0.0000 0.0000 -22.9215 0.7350 0.6253 37.9465 -0.0000 0.0000 -28.3666 -0.2275 4.7319 3.9912 0.0000 0.0000 -1.8732 1.9706 1.4381 11.2281 0.1599 1.8086 -0.5173 5.5402 -6.4326 -3.9635 7.4755 0.9790 19.1847 11.6847 -3.2775 -21.6066 -44.3584 -77.8170 -0.0001 -26.7348 -0.0000 -18.2842 -7.4156 -12.3054 0.0000 0.0000 -0.0000 0.0000 0.0000 -0.0000 15.3280 -17.0049 4.7697 0.5897 36.4133 66.3153 -0.0001 14.5822 0.0000 -20.2751 -6.6195 9.5873 0.0000 -0.0000 -0.0000 0.0000 -0.0000 -0.0000
 70.4128 30.8866 -5.6093 175.1675 -8.0128 171.1784 -10.5808 -3.9008 2.8060 73.2238 -0.0000 0.0000 -6.8331 -3.2041 -1.3511 12.5124 -0.0000 0.0000 -23.2637 -0.3426 0.6593 40.0734 -0.0000 0.0000 -29.9130 -0.0411 5.0540 4.1645 -0.0000 0.0000 -1.9171 2.0581 1.5813 11.3370 0.2817 1.9596 -0.5955 5.6846 -6.4738 -4.4044 7.7764 0.7659 19.5702 11.6679 -3.6751 -21.7453 -43.5435 -77.7059 -0.0001 -25.6773 -0.0000 -17.8106 -7.6807 -10.9909 -0.0000 0.0000 -0.0000 -0.0000 0.0000 -0.0000 15.6468 -16.8617 5.1952 -0.4441 37.0110 65.5407 -0.0001 14.3315 0.0000 -20.4058 -6.1778 8.8647 -0.0000 0.0000 -0.0000 -0.0000 0.0000 -0.0000
 70.4539 30.7181 -5.9593 174.9142 -8.3412 170.7983 -12.4047 -3.6688 3.1215 76.2657 -0.0000 0.0000 -8.2582 -2.5637 0.3341 11.2758 -0.0000 0.0000 -23.5610 -1.4109 0.7937 41.7416 -0.0000 0.0000 -31.2617 0.3763 4.6337 4.5575 -0.0000 0.0000 -2.1088 2.1816 1.7709 11.5056 0.4514 2.1413 -0.7611 5.7751 -6.5159 -4.8659 8.1600 0.5926 19.8089 11.6573 -3.9795 -21.8351 -42.6307 -77.6733 -0.0001 -24.7676 -0.0000 -17.6604 -7.5258 -9.9481 -0.0000 0.0000 -0.0000 -0.0000 0.0000 -0.0000 15.6799 -16.8723 5.4577 -1.6676 37.5220 65.1253 -0.0001 13.8544 0.0000 -20.5269 -5.5245 7.8773 0.0000 0.0000 0.0000 0.0000 0.0000 0.0000
 70.4685 30.5685 -6.3247 174.9024 -8.7095 170.7723 -13.8741 -3.4529 3.0317 78.8933 -0.0000 0.0000 -9.9151 -1.6928 1.0989 10.5606 0.0000 0.0000 -23.4248 -2.1487 0.6556 43.1052 -0.0000 0.0000 -32.5680 0.5107 4.6928 4.5504 0.0000 -0.0000 -2.1277 2.3542 1.7358 11.5881 0.6296 2.1428 -0.7524 5.8919 -6.4384 -5.2239 8.3538 0.4666 20.3764 11.5722 -4.1361 -22.1915 -42.1599 -77.6990 -0.0001 -23.5592 -0.0000 -17.9598 -7.7557 -8.7313 -0.0000 -0.0000 -0.0000 -0.0000 -0.0000 -0.0000 15.7423 -16.5327 5.6387 -2.9798 37.0880 65.0594 -0.0001 13.7318 0.0000 -19.8987 -5.1922 6.6491 0.0000 0.0000 -0.0000 0.0000 0.0000 -0.0000
 70.4739 30.4468 -6.6938 174.8380 -9.2383 170.7138 -15.3639 -3.3894 2.9280 81.1504 -0.0000 0.0000 -11.7558 -1.0960 1.6295 8.6088 -0.0000 0.0000 -23.0882 -2.6826 0.5814 44.0819 -0.0000 0.0000 -33.7926 0.3831 4.9763 4.6278 -0.0000 0.0000 -2.1658 2.4187 1.6952 11.7097 0.7045 2.1671 -0.8271 6.0402 -6.3521 -5.5865 8.5362 0.3861 20.5778 11.6292 -4.2744 -22.2807 -41.5618 -77.7933 -0.0001 -22.2977 -0.0000 -17.8870 -7.8024 -7.6819 -0.0000 -0.0000 -0.0000 -0.0000 -0.0000 -0.0000 15.7410 -16.3891 5.8576 -4.2327 37.1864 64.8520 -0.0001 13.7096 0.0000 -19.5672 -5.4933 5.4110 0.0000 -0.0000 -0.0000 0.0000 -0.0000 -0.0000
 70.4717 30.3552 -7.0609 174.7287 -9.7754 170.5738 -16.8993 -3.3336 2.8709 83.1472 -0.0000 0.0000 -13.2867 -0.7616 2.5384 7.1761 0.0000 0.0000 -22.6616 -2.9479 0.6877 44.7820 -0.0000 0.0000 -34.7690 -0.0636 5.1627 4.5965 -0.0000 0.0000 -2.2171 2.4399 1.7154 11.7698 0.7408 2.2216 -0.9565 6.1971 -6.3334 -5.6886 8.7649 0.4032 20.7083 11.7004 -4.4907 -22.0965 -40.8767 -77.7244 -0.0001 -21.2442 -0.0000 -17.6380 -7.5370 -6.6283 0.0000 -0.0000 0.0000 0.0000 -0.0000 0.0000 15.8812 -16.2924 5.9627 -5.6447 37.5628 64.8379 -0.0001 13.7068 0.0000 -19.4569 -5.4191 3.5860 -0.0000 0.0000 0.0000 -0.0000 0.0000 0.0000
 70.4598 30.2917 -7.4406 174.6856 -10.3255 170.5181 -18.3069 -3.2088 2.7495 84.7462 -0.0000 0.0000 -14.5821 -0.7786 3.6560 6.7734 -0.0000 0.0000 -22.0922 -3.1607 0.7760 45.3626 -0.0000 0.0000 -35.6007 -0.5122 4.8657 4.4182 -0.0000 0.0000 -2.1886 2.5630 1.6841 11.6673 0.8585 2.1970 -0.8559 6.2148 -6.2078 -5.8418 8.9204 0.3585 20.8008 11.7865 -4.5960 -21.8123 -40.7133 -77.6060 -0.0001 -19.9877 -0.0000 -17.6431 -7.3928 -5.6958 -0.0000 0.0000 -0.0000 -0.0000 0.0000 -0.0000 15.8056 -16.2348 5.9634 -7.1234 37.0774 65.2814 -0.0001 13.7771 0.0000 -18.3668 -5.3316 1.9855 0.0000 -0.0000 0.0000 0.0000 -0.0000 0.0000
 70.4387 30.2556 -7.8154 174.6633 -10.9167 170.5055 -19.6982 -3.0841 2.5583 86.0230 -0.0000 0.0000 -15.7069 -0.8787 4.3503 6.7657 -0.0000 -0.0000 -21.3875 -3.3438 0.8275 45.7073 -0.0000 0.0000 -36.2354 -0.9215 4.3709 4.0510 0.0000 0.0000 -2.1138 2.7221 1.6141 11.5522 1.0071 2.1546 -0.7965 6.1857 -6.0419 -5.8657 8.9992 0.3466 20.8150 11.8900 -4.6220 -21.5276 -40.6682 -77.5530 -0.0001 -18.7408 -0.0000 -17.3184 -6.9600 -4.8459 -0.0000 0.0000 -0.0000 -0.0000 0.0000 -0.0000 15.5856 -16.2665 5.8952 -8.2801 36.6034 65.7220 -0.0001 14.2907 0.0000 -17.4953 -5.2754 0.2149 0.0000 0.0000 -0.0000 0.0000 0.0000 -0.0000
 70.4071 30.2540 -8.2145 174.7483 -11.5868 170.3861 -20.8020 -3.0417 2.4788 86.8330 -0.0000 0.0000 -16.6566 -1.0852 4.6932 6.5930 0.0000 0.0000 -20.2698 -3.6759 0.9778 45.5709 -0.0000 0.0000 -36.6760 -1.2832 4.1165 3.7406 0.0000 0.0000 -2.4313 2.9167 1.5356 12.2307 1.3007 2.4335 -0.8914 5.9531 -6.0479 -5.9114 9.0481 0.3781 20.4015 11.6002 -4.5625 -21.1337 -40.3316 -77.5672 -0.0001 -17.6608 -0.0000 -16.8184 -6.3595 -4.2512 0.0000 -0.0000 0.0000 0.0000 -0.0000 0.0000 15.1469 -16.3692 5.5585 -9.5751 35.9920 66.3713 -0.0001 15.0583 0.0000 -16.8718 -5.3257 -1.7327 0.0000 -0.0000 0.0000 0.0000 -0.0000 0.0000
 70.3896 30.2803 -8.6328 175.0689 -12.3324 170.0932 -21.6110 -3.0092 2.7664 87.3805 -0.0000 0.0000 -17.4846 -1.7757 4.7817 7.4069 -0.0000 0.0000 -18.6463 -4.0208 1.4372 44.9783 -0.0000 0.0000 -36.9751 -1.7329 3.9294 3.6931 0.0000 0.0000 -2.1435 3.0115 1.5151 12.0738 1.4786 2.7601 -0.5628 5.4941 -5.9434 -6.0780 9.4331 0.4969 20.5165 11.7294 -4.6500 -20.8480 -40.2031 -77.5516 -0.0001 -16.5152 -0.0000 -16.0497 -5.5968 -3.8964 0.0000 -0.0000 0.0000 0.0000 -0.0000 0.0000 15.2739 -16.2746 5.4269 -10.7976 35.1673 66.8544 -0.0001 16.0739 0.0000 -15.9251 -5.2202 -3.3937 -0.0000 -0.0000 -0.0000 -0.0000 -0.0000 -0.0000
 70.3326 30.3334 -9.0262 175.0117 -12.9602 170.0565 -22.7721 -2.8502 2.5687 87.4526 -0.0000 0.0000 -18.1654 -2.1505 5.0870 7.1241 0.0000 0.0000 -17.4237 -4.2391 1.5139 44.2718 -0.0000 0.0000 -37.0604 -2.0283 3.7144 3.3765 0.0000 0.0000 -2.1678 3.2463 1.4507 11.9236 1.7036 2.6983 -0.4499 5.3164 -5.7251 -5.8372 9.3506 0.5463 20.6380 11.8355 -4.5970 -20.6936 -40.4020 -77.5232 -0.0001 -15.2836 -0.0000 -15.3591 -4.9502 -3.6898 0.0000 0.0000 -0.0000 0.0000 0.0000 -0.0000 15.3642 -16.3136 5.4744 -11.4909 34.6590 67.0304 -0.0001 17.6440 0.0000 -15.5294 -5.1628 -5.0383 -0.0000 0.0000 0.0000 -0.0000 0.0000 0.0000
 70.2711 30.4175 -9.4583 175.2447 -13.8212 169.7752 -23.4486 -2.9380 2.6662 87.1858 -0.0000 0.0000 -18.8694 -2.7855 4.8989 7.2330 0.0000 0.0000 -15.4718 -4.6806 1.9158 42.9762 -0.0000 0.0000 -36.9747 -2.4074 3.4624 3.2436 -0.0000 0.0000 -2.2368 3.3261 1.6801 12.3164 1.7871 2.6978 -0.4869 5.1564 -5.7231 -5.6793 9.2901 0.8437 20.6087 12.0019 -4.6319 -20.3843 -40.4388 -77.2978 -0.0001 -14.4263 -0.0000 -14.3664 -3.6895 -3.7701 0.0000 -0.0000 -0.0000 0.0000 -0.0000 -0.0000 15.1649 -16.2899 5.2817 -12.2629 34.1225 67.5393 -0.0001 19.1023 0.0000 -15.1934 -4.5541 -6.3029 -0.0000 0.0000 -0.0000 -0.0000 0.0000 -0.0000
 70.1948 30.5259 -9.8576 175.1469 -14.5540 169.7172 -24.4947 -2.7759 2.4726 86.5490 -0.0000 0.0000 -19.5859 -3.2717 5.3731 6.4970 -0.0000 0.0000 -13.9395 -4.8684 2.0725 41.5921 -0.0000 0.0000 -36.6286 -2.8753 3.5500 2.8443 -0.0000 0.0000 -2.1955 3.5377 1.5904 11.9911 1.9860 2.6423 -0.3142 4.8929 -5.5039 -5.4473 9.1359 0.9677 20.6796 12.1108 -4.5314 -20.1606 -40.3766 -77.2855 -0.0000 -13.3125 -0.0000 -13.2610 -2.7153 -4.0377 -0.0000 -0.0000 0.0000 -0.0000 -0.0000 0.0000 15.2706 -16.3498 5.4053 -12.5061 33.7472 67.5032 -0.0001 20.9326 0.0000 -15.3493 -3.9721 -7.2787 -0.0000 0.0000 0.0000 -0.0000 0.0000 0.0000
 70.1146 30.6559 -10.2947 175.3475 -15.5013 169.4166 -25.0683 -2.8822 2.5520 85.6565 -0.0000 0.0000 -20.3405 -3.8620 5.5017 6.4632 -0.0000 0.0000 -11.7680 -5.2451 2.5630 39.7715 -0.0000 0.0000 -35.9964 -3.3326 3.4678 2.4440 -0.0000 0.0000 -2.2013 3.5334 1.7851 12.2067 1.9936 2.7000 -0.2576 4.8318 -5.6170 -5.3597 9.0002 1.3913 20.4070 12.2476 -4.4202 -19.6243 -39.9128 -77.2344 -0.0000 -12.4266 -0.0000 -12.0112 -1.7742 -4.7286 -0.0000 0.0000 -0.0000 -0.0000 0.0000 -0.0000 15.0655 -16.2900 5.1459 -12.9283 33.3276 67.9170 -0.0001 22.6312 0.0000 -15.4618 -3.1653 -7.6692 0.0000 0.0000 0.0000 0.0000 0.0000 0.0000
 70.0071 30.7993 -10.6986 175.2102 -16.2705 169.3563 -25.9353 -2.8030 2.2359 84.3528 -0.0000 0.0000 -21.0802 -4.3220 4.9834 6.8730 -0.0000 0.0000 -10.1847 -5.3611 2.7255 38.1960 -0.0000 0.0000 -35.1577 -3.7976 3.4784 1.8688 -0.0000 0.0000 -2.1799 3.7353 1.7188 11.8329 2.1850 2.6560 -0.1348 4.5636 -5.4934 -4.9823 8.7746 1.5532 20.5770 12.3516 -4.3437 -19.3385 -40.0612 -77.1395 -0.0000 -11.4340 -0.0000 -11.5749 -1.1628 -5.3546 -0.0000 -0.0000 -0.0000 -0.0000 -0.0000 -0.0000 15.1874 -16.4456 5.2171 -12.9349 33.0268 67.8228 -0.0001 24.6899 0.0000 -16.0682 -2.3020 -7.7747 -0.0000 0.0000 -0.0000 -0.0000 0.0000 -0.0000
 69.8903 30.9563 -11.0959 175.0322 -17.0619 169.3023 -26.7677 -2.7095 1.8756 82.8094 -0.0000 0.0000 -21.4858 -4.9101 4.8360 7.6281 0.0000 0.0000 -8.7185 -5.5045 2.8339 36.7418 -0.0000 0.0000 -34.1909 -4.1366 3.2137 1.5293 -0.0000 0.0000 -2.2172 3.8732 1.6703 11.5919 2.3104 2.5978 -0.2094 4.4803 -5.3552 -4.5341 8.6164 1.6482 20.5545 12.4883 -4.2829 -18.8665 -40.0843 -76.9892 -0.0000 -10.5662 -0.0000 -11.2370 -0.7351 -6.0946 -0.0000 -0.0000 -0.0000 -0.0000 -0.0000 -0.0000 15.0175 -16.6515 5.1155 -12.8030 32.9130 67.8444 -0.0001 26.6331 0.0000 -16.8910 -1.0971 -7.4154 0.0000 0.0000 -0.0000 0.0000 0.0000 -0.0000
 69.7568 31.1266 -11.4967 174.8573 -17.9370 169.2263 -27.4739 -2.6936 1.4744 80.9344 -0.0000 0.0000 -21.7914 -5.3973 4.6184 7.1025 0.0000 0.0000 -7.1988 -5.7511 2.9494 35.2115 -0.0000 0.0000 -32.8639 -4.4920 3.5083 0.6290 -0.0000 0.0000 -2.3141 3.9256 1.6618 11.4624 2.3558 2.5572 -0.1673 4.3405 -5.3601 -4.2912 8.4585 1.7839 20.6118 12.5613 -4.2714 -18.4812 -39.8432 -76.8303 -0.0000 -9.7829 -0.0000 -11.0763 -0.3750 -6.9468 -0.0000 0.0000 -0.0000 -0.0000 0.0000 -0.0000 15.0323 -16.7263 4.9881 -12.8680 32.6633 67.9249 -0.0001 28.6783 0.0000 -17.5592 -0.2537 -6.9033 0.0000 0.0000 -0.0000 0.0000 0.0000 -0.0000
 69.6157 31.3066 -11.8983 174.7083 -18.7928 169.1271 -28.0426 -2.6465 1.0963 78.8281 -0.0000 0.0000 -22.1399 -5.7199 4.5632 7.3047 -0.0000 -0.0000 -5.6612 -5.7930 3.1289 33.6362 -0.0000 0.0000 -31.3428 -5.0094 3.8525 -0.3396 0.0000 -0.0000 -2.4261 3.9396 1.6698 11.4270 2.3660 2.5265 -0.1593 4.2679 -5.3659 -4.1092 8.3270 1.8864 20.5185 12.6465 -4.2212 -17.9772 -39.4111 -76.6963 -0.0000 -9.1347 -0.0000 -11.0365 0.1034 -7.9370 -0.0000 0.0000 0.0000 -0.0000 0.0000 0.0000 14.8340 -16.7254 4.7505 -12.6836 32.4897 67.9747 -0.0001 30.7479 0.0000 -18.4139 0.5938 -6.2021 -0.0000 0.0000 -0.0000 -0.0000 0.0000 -0.0000
 69.4741 31.4954 -12.2985 174.5409 -19.6042 169.0351 -28.4911 -2.5327 0.7843 76.3943 -0.0000 0.0000 -22.3321 -6.1012 4.1347 6.8926 0.0000 -0.0000 -4.2759 -5.9041 3.2831 32.2734 -0.0000 0.0000 -29.6171 -5.5308 3.9677 -1.7073 0.0000 0.0000 -2.4731 4.0129 1.6453 11.2715 2.4286 2.4756 -0.1701 4.1547 -5.3462 -3.8902 8.1608 1.9834 20.5529 12.6858 -4.2096 -17.5039 -39.1049 -76.4393 -0.0000 -8.5434 -0.0000 -11.0429 0.6228 -8.8382 0.0000 0.0000 -0.0000 0.0000 0.0000 -0.0000 14.7800 -16.7997 4.6341 -12.5541 32.2728 68.0217 -0.0001 32.7906 0.0000 -19.3720 1.4673 -5.4254 -0.0000 0.0000 0.0000 -0.0000 0.0000 0.0000
 69.3205 31.6846 -12.6976 174.3805 -20.4249 168.9465 -28.8291 -2.3680 0.4476 73.7606 -0.0000 0.0000 -22.5513 -6.3925 3.8863 6.7648 -0.0000 0.0000 -2.9666 -6.3499 3.3282 31.0697 -0.0000 0.0000 -27.7187 -5.5182 4.1520 -2.9713 0.0000 0.0000 -2.5419 4.0460 1.6400 11.1818 2.4517 2.4260 -0.2013 4.0913 -5.3716 -3.6991 8.0256 2.0705 20.5856 12.7214 -4.1593 -17.1166 -38.6517 -76.2899 -0.0000 -8.0158 -0.0000 -11.2404 1.0361 -9.6150 -0.0000 -0.0000 -0.0000 -0.0000 -0.0000 -0.0000 14.6653 -16.8420 4.4108 -12.4055 32.1306 68.1413 -0.0001 34.7337 0.0000 -20.2814 2.1999 -4.6124 -0.0000 -0.0000 -0.0000 -0.0000 -0.0000 -0.0000
 69.1610 31.8743 -13.0966 174.2270 -21.2076 168.8650 -29.0407 -2.1466 0.1306 70.9119 -0.0000 0.0000 -22.7571 -6.4812 3.8788 6.6432 -0.0000 0.0000 -1.7286 -6.7328 3.3699 29.9559 -0.0000 -0.0000 -25.7427 -5.5011 4.4428 -4.1548 -0.0000 -0.0000 -2.6345 4.0703 1.6081 11.1332 2.4664 2.3694 -0.2174 4.0540 -5.3355 -3.5638 7.9248 2.1224 20.5680 12.7575 -4.0349 -16.7732 -38.1544 -76.2425 -0.0000 -7.4870 -0.0000 -11.6303 1.4479 -10.1602 0.0000 -0.0000 0.0000 0.0000 -0.0000 0.0000 14.7406 -16.8245 4.2741 -12.4001 32.0446 68.2019 -0.0002 36.6033 0.0001 -21.3348 2.9018 -3.6906 -0.0000 0.0000 0.0000 -0.0000 0.0000 0.0000
 68.9910 32.0611 -13.4927 174.0790 -21.9906 168.8033 -29.1141 -1.8871 -0.1845 67.8463 -0.0000 0.0000 -22.8885 -6.4970 3.8898 6.4341 -0.0000 0.0000 -0.5696 -7.1845 3.3641 28.9805 -0.0000 0.0000 -23.6269 -5.2086 4.1267 -5.6740 0.0000 -0.0000 -2.7095 4.0843 1.5887 11.1114 2.4647 2.2908 -0.4479 4.1428 -5.5486 -3.1762 7.7461 2.5590 20.5268 12.7827 -3.9095 -16.4427 -37.6871 -76.2042 -0.0000 -6.9177 -0.0000 -11.5420 1.5154 -11.0021 -0.0000 -0.0000 -0.0000 -0.0000 -0.0000 -0.0000 14.6668 -16.8350 4.0254 -12.3632 31.8894 68.4358 -0.0002 38.3226 0.0001 -22.3655 3.5596 -2.7773 0.0000 -0.0000 0.0000 0.0000 -0.0000 0.0000
 68.8169 32.2435 -13.8923 173.9264 -22.7322 168.7646 -29.0511 -1.5120 -0.4767 64.5544 -0.0000 0.0000 -23.0962 -6.1282 3.9921 6.2997 0.0000 0.0000 0.5067 -7.6170 3.3499 28.1056 -0.0000 0.0000 -21.3287 -4.8962 4.0618 -7.5265 -0.0000 -0.0000 -2.7853 4.1100 1.5520 11.0791 2.4696 2.1887 -0.6245 4.1953 -5.6701 -2.9461 7.5870 2.7868 20.5218 12.8002 -3.8306 -16.0824 -37.3662 -76.0633 -0.0000 -6.3926 -0.0000 -11.5037 1.8978 -11.4344 0.0000 -0.0000 0.0000 0.0000 -0.0000 0.0000 14.5166 -16.8614 3.7743 -12.2282 31.7707 68.6854 -0.0002 39.9264 0.0001 -23.4294 4.1936 -1.8006 -0.0000 -0.0000 0.0000 -0.0000 -0.0000 0.0000
 68.6437 32.4152 -14.2846 173.7742 -23.5081 168.7427 -28.8908 -1.2225 -0.8443 61.1006 -0.0000 0.0000 -23.2302 -5.2136 4.7015 6.0077 0.0000 -0.0000 1.4738 -8.1194 3.3099 27.3944 -0.0000 0.0000 -19.1934 -4.6188 4.1306 -8.9019 -0.0000 0.0000 -2.8260 4.1082 1.4835 11.0431 2.4446 2.0800 -0.6987 4.2098 -5.6496 -2.8833 7.4678 2.8600 20.4647 12.8515 -3.6604 -15.8006 -37.0701 -76.0509 -0.0000 -5.8507 -0.0000 -11.4694 2.0416 -11.8117 0.0000 0.0000 -0.0000 0.0000 0.0000 -0.0000 14.3709 -16.8765 3.4870 -12.1850 31.5870 69.0545 -0.0002 41.3815 0.0001 -24.3518 4.6563 -0.8245 -0.0000 0.0000 -0.0000 -0.0000 0.0000 -0.0000
 68.4633 32.5745 -14.6781 173.6202 -24.2590 168.7459 -28.5835 -0.8384 -1.2321 57.4732 -0.0000 0.0000 -23.5834 -4.3335 4.9853 6.1265 -0.0000 0.0000 2.3357 -8.6630 3.2219 26.8672 -0.0000 0.0000 -17.2047 -4.5126 4.1570 -10.1940 -0.0000 0.0000 -2.8920 4.1085 1.4059 11.0422 2.4191 1.9534 -0.7673 4.2260 -5.6673 -2.9349 7.3447 3.0045 20.4034 12.8954 -3.4801 -15.5388 -36.8895 -76.0360 -0.0000 -5.3366 -0.0000 -11.4472 2.2594 -12.1830 0.0000 -0.0000 0.0000 0.0000 -0.0000 0.0000 14.1845 -16.9080 3.1575 -12.1292 31.4097 69.4740 -0.0002 42.7171 0.0001 -25.1587 4.9835 0.0780 0.0000 0.0000 -0.0000 0.0000 0.0000 -0.0000
 68.2363 32.7195 -15.0719 173.6188 -24.9240 169.1893 -27.8589 -0.2160 -2.0013 53.4710 -0.0000 0.0000 -23.6927 -3.2013 6.0153 5.9805 -0.0000 -0.0000 3.1696 -9.2545 2.6249 26.5317 -0.0000 0.0000 -15.2847 -4.1359 4.7666 -11.5380 0.0000 -0.0000 -3.1236 4.0617 1.1605 11.5526 2.3149 1.6276 -0.9311 4.4929 -5.6958 -3.0309 7.1678 3.1149 19.8835 13.0586 -3.2248 -15.1844 -36.2515 -76.1942 -0.0000 -4.7328 -0.0000 -11.3133 1.9389 -12.7616 0.0000 0.0000 -0.0000 0.0000 0.0000 -0.0000 13.7071 -16.5986 2.6063 -12.0544 31.0682 70.0612 -0.0002 43.8315 0.0001 -25.8713 5.3173 1.0101 -0.0000 0.0000 -0.0000 -0.0000 0.0000 -0.0000
 68.0628 32.8520 -15.4621 173.4405 -25.5743 169.1115 -27.3790 0.3490 -2.2012 49.6831 -0.0000 0.0000 -23.8380 -2.3227 6.7104 6.1280 0.0000 -0.0000 3.7628 -9.5872 2.6157 26.3270 -0.0000 0.0000 -13.4282 -4.2358 5.8045 -12.1636 0.0000 -0.0000 -3.0445 4.1509 1.0817 11.2352 2.3828 1.5385 -1.0222 4.4547 -5.6755 -2.8273 7.0190 3.2835 20.1729 13.0626 -3.1409 -15.1931 -36.1120 -76.0412 -0.0000 -4.3768 -0.0000 -10.6886 2.7165 -13.6076 -0.0000 0.0000 -0.0000 -0.0000 0.0000 -0.0000 13.6502 -16.7855 2.4979 -11.8575 31.0713 70.2701 -0.0002 44.9824 0.0001 -26.6445 5.2655 1.6984 -0.0000 0.0000 -0.0000 -0.0000 0.0000 -0.0000
 67.8787 32.9648 -15.8572 173.2661 -26.2741 169.0690 -26.7534 0.9720 -2.4581 45.8052 -0.0000 0.0000 -23.9318 -1.5873 7.4434 6.0364 0.0000 0.0000 4.2809 -9.9469 2.5493 26.3310 -0.0000 0.0000 -11.5561 -4.0346 6.2019 -13.3582 0.0000 0.0000 -3.0775 4.1685 1.0042 11.1159 2.3763 1.4244 -1.0657 4.4453 -5.6973 -2.8556 6.9205 3.4585 20.2367 13.0874 -2.9867 -15.1908 -35.6763 -75.9943 -0.0000 -4.0492 -0.0000 -10.1016 3.3814 -14.4045 0.0000 -0.0000 0.0000 0.0000 -0.0000 0.0000 13.5571 -16.8870 2.2783 -11.7948 31.0780 70.6322 -0.0002 45.8664 0.0001 -27.2794 5.2868 2.4162 -0.0000 0.0000 -0.0000 -0.0000 0.0000 -0.0000
 67.6895 33.0570 -16.2508 173.1218 -26.9395 169.0784 -26.0139 1.6566 -2.7326 41.9539 -0.0000 0.0000 -23.8370 -1.0340 8.0865 5.7769 0.0000 0.0000 4.6695 -10.2815 2.3972 26.6162 -0.0000 0.0000 -9.8091 -3.7509 6.6464 -13.9685 0.0000 -0.0000 -3.1623 4.1799 0.9189 11.1301 2.3620 1.2905 -1.0971 4.4275 -5.7289 -2.9669 6.8102 3.5500 20.1335 13.0618 -2.7919 -14.8993 -35.9880 -75.9516 -0.0000 -3.5982 -0.0000 -9.8065 3.5293 -14.0885 0.0000 -0.0000 0.0000 0.0000 -0.0000 0.0000 13.5510 -16.8922 2.0424 -11.9219 30.9449 71.0876 -0.0002 46.5882 0.0001 -27.8667 5.3078 3.1853 -0.0000 -0.0000 -0.0000 -0.0000 -0.0000 -0.0000
 67.4977 33.1271 -16.6480 173.0034 -27.5248 169.0955 -25.1730 2.5071 -2.9556 38.1789 -0.0000 0.0000 -23.8002 -0.7344 8.4148 5.9120 0.0000 0.0000 4.9267 -10.4097 2.2283 27.1609 -0.0000 0.0000 -8.2243 -3.5220 7.2517 -14.8045 0.0000 -0.0000 -3.2551 4.1934 0.8151 11.1554 2.3502 1.1524 -1.1269 4.4593 -5.7130 -3.1044 6.7403 3.6498 20.0420 13.1376 -2.6175 -14.6390 -36.4689 -75.9214 -0